--
-- PostgreSQL database dump
--

-- Dumped from database version 12.1 (Debian 12.1-1.pgdg100+1)
-- Dumped by pg_dump version 12.1 (Debian 12.1-1.pgdg100+1)

SET statement_timeout = 0;
SET lock_timeout = 0;
SET idle_in_transaction_session_timeout = 0;
SET client_encoding = 'UTF8';
SET standard_conforming_strings = on;
SELECT pg_catalog.set_config('search_path', '', false);
SET check_function_bodies = false;
SET xmloption = content;
SET client_min_messages = warning;
SET row_security = off;

SET default_tablespace = '';

SET default_table_access_method = heap;

--
-- Name: attestation_assignments; Type: TABLE; Schema: public; Owner: beaconchain
--

CREATE TABLE public.attestation_assignments (
    epoch integer NOT NULL,
    validatorindex integer NOT NULL,
    attesterslot integer NOT NULL,
    committeeindex integer NOT NULL,
    status integer NOT NULL
);


ALTER TABLE public.attestation_assignments OWNER TO beaconchain;

--
-- Name: attestationpool; Type: TABLE; Schema: public; Owner: beaconchain
--

CREATE TABLE public.attestationpool (
    aggregationbits bytea NOT NULL,
    custodybits bytea NOT NULL,
    signature bytea NOT NULL,
    slot integer NOT NULL,
    index integer NOT NULL,
    beaconblockroot bytea NOT NULL,
    source_epoch integer NOT NULL,
    source_root bytea NOT NULL,
    target_epoch integer NOT NULL,
    target_root bytea NOT NULL
);


ALTER TABLE public.attestationpool OWNER TO beaconchain;

--
-- Name: beacon_committees; Type: TABLE; Schema: public; Owner: beaconchain
--

CREATE TABLE public.beacon_committees (
    epoch integer NOT NULL,
    slot integer NOT NULL,
    slotindex integer NOT NULL,
    indices integer[] NOT NULL
);


ALTER TABLE public.beacon_committees OWNER TO beaconchain;

--
-- Name: blocks; Type: TABLE; Schema: public; Owner: beaconchain
--

CREATE TABLE public.blocks (
    epoch integer NOT NULL,
    slot integer NOT NULL,
    blockroot bytea NOT NULL,
    parentroot bytea NOT NULL,
    stateroot bytea NOT NULL,
    signature bytea NOT NULL,
    randaoreveal bytea NOT NULL,
    graffiti bytea NOT NULL,
    eth1data_depositroot bytea NOT NULL,
    eth1data_depositcount integer NOT NULL,
    eth1data_blockhash bytea NOT NULL,
    proposerslashingscount integer NOT NULL,
    attesterslashingscount integer NOT NULL,
    attestationscount integer NOT NULL,
    depositscount integer NOT NULL,
    voluntaryexitscount integer NOT NULL,
    proposer integer NOT NULL,
    status text NOT NULL
);


ALTER TABLE public.blocks OWNER TO beaconchain;

--
-- Name: blocks_attestations; Type: TABLE; Schema: public; Owner: beaconchain
--

CREATE TABLE public.blocks_attestations (
    block_slot integer NOT NULL,
    block_index integer NOT NULL,
    aggregationbits bytea NOT NULL,
    validators integer[] NOT NULL,
    custodybits bytea NOT NULL,
    signature bytea NOT NULL,
    slot integer NOT NULL,
    committeeindex integer NOT NULL,
    beaconblockroot bytea NOT NULL,
    source_epoch integer NOT NULL,
    source_root bytea NOT NULL,
    target_epoch integer NOT NULL,
    target_root bytea NOT NULL
);


ALTER TABLE public.blocks_attestations OWNER TO beaconchain;

--
-- Name: blocks_attesterslashings; Type: TABLE; Schema: public; Owner: beaconchain
--

CREATE TABLE public.blocks_attesterslashings (
    block_slot integer NOT NULL,
    block_index integer NOT NULL,
    attestation1_custodybit_0indices integer[] NOT NULL,
    attestation1_custodybit_1indices integer[] NOT NULL,
    attestation1_signature bytea NOT NULL,
    attestation1_slot integer NOT NULL,
    attestation1_index integer NOT NULL,
    attestation1_beaconblockroot bytea NOT NULL,
    attestation1_source_epoch integer NOT NULL,
    attestation1_source_root bytea NOT NULL,
    attestation1_target_epoch integer NOT NULL,
    attestation1_target_root bytea NOT NULL,
    attestation2_custodybit_0indices integer[] NOT NULL,
    attestation2_custodybit_1indices integer[] NOT NULL,
    attestation2_signature bytea NOT NULL,
    attestation2_slot integer NOT NULL,
    attestation2_index integer NOT NULL,
    attestation2_beaconblockroot bytea NOT NULL,
    attestation2_source_epoch integer NOT NULL,
    attestation2_source_root bytea NOT NULL,
    attestation2_target_epoch integer NOT NULL,
    attestation2_target_root bytea NOT NULL
);


ALTER TABLE public.blocks_attesterslashings OWNER TO beaconchain;

--
-- Name: blocks_deposits; Type: TABLE; Schema: public; Owner: beaconchain
--

CREATE TABLE public.blocks_deposits (
    block_slot integer NOT NULL,
    block_index integer NOT NULL,
    proof bytea[],
    publickey bytea NOT NULL,
    withdrawalcredentials bytea NOT NULL,
    amount bigint NOT NULL,
    signature bytea NOT NULL
);


ALTER TABLE public.blocks_deposits OWNER TO beaconchain;

--
-- Name: blocks_proposerslashings; Type: TABLE; Schema: public; Owner: beaconchain
--

CREATE TABLE public.blocks_proposerslashings (
    block_slot integer NOT NULL,
    block_index integer NOT NULL,
    proposerindex integer NOT NULL,
    header1_slot integer NOT NULL,
    header1_parentroot bytea NOT NULL,
    header1_stateroot bytea NOT NULL,
    header1_bodyroot bytea NOT NULL,
    header1_signature bytea NOT NULL,
    header2_slot integer NOT NULL,
    header2_parentroot bytea NOT NULL,
    header2_stateroot bytea NOT NULL,
    header2_bodyroot bytea NOT NULL,
    header2_signature bytea NOT NULL
);


ALTER TABLE public.blocks_proposerslashings OWNER TO beaconchain;

--
-- Name: blocks_voluntaryexits; Type: TABLE; Schema: public; Owner: beaconchain
--

CREATE TABLE public.blocks_voluntaryexits (
    block_slot integer NOT NULL,
    block_index integer NOT NULL,
    epoch integer NOT NULL,
    validatorindex integer NOT NULL,
    signature bytea NOT NULL
);


ALTER TABLE public.blocks_voluntaryexits OWNER TO beaconchain;

--
-- Name: epochs; Type: TABLE; Schema: public; Owner: beaconchain
--

CREATE TABLE public.epochs (
    epoch integer NOT NULL,
    blockscount integer DEFAULT 0 NOT NULL,
    proposerslashingscount integer NOT NULL,
    attesterslashingscount integer NOT NULL,
    attestationscount integer NOT NULL,
    depositscount integer NOT NULL,
    voluntaryexitscount integer NOT NULL,
    validatorscount integer NOT NULL,
    averagevalidatorbalance bigint NOT NULL,
    finalized boolean,
    eligibleether bigint,
    globalparticipationrate double precision,
    votedether bigint
);


ALTER TABLE public.epochs OWNER TO beaconchain;

--
-- Name: proposal_assignments; Type: TABLE; Schema: public; Owner: beaconchain
--

CREATE TABLE public.proposal_assignments (
    epoch integer NOT NULL,
    validatorindex integer NOT NULL,
    proposerslot integer NOT NULL,
    status integer NOT NULL
);


ALTER TABLE public.proposal_assignments OWNER TO beaconchain;

--
-- Name: validator_balances; Type: TABLE; Schema: public; Owner: beaconchain
--

CREATE TABLE public.validator_balances (
    epoch integer NOT NULL,
    validatorindex integer NOT NULL,
    balance bigint NOT NULL
);


ALTER TABLE public.validator_balances OWNER TO beaconchain;

--
-- Name: validator_set; Type: TABLE; Schema: public; Owner: beaconchain
--

CREATE TABLE public.validator_set (
    epoch integer NOT NULL,
    validatorindex integer NOT NULL,
    withdrawableepoch bigint NOT NULL,
    withdrawalcredentials bytea NOT NULL,
    effectivebalance bigint NOT NULL,
    slashed boolean NOT NULL,
    activationeligibilityepoch bigint NOT NULL,
    activationepoch bigint NOT NULL,
    exitepoch bigint NOT NULL
);


ALTER TABLE public.validator_set OWNER TO beaconchain;

--
-- Name: validatorqueue_activation; Type: TABLE; Schema: public; Owner: beaconchain
--

CREATE TABLE public.validatorqueue_activation (
    index integer NOT NULL,
    publickey bytea NOT NULL
);


ALTER TABLE public.validatorqueue_activation OWNER TO beaconchain;

--
-- Name: validatorqueue_exit; Type: TABLE; Schema: public; Owner: beaconchain
--

CREATE TABLE public.validatorqueue_exit (
    index integer NOT NULL,
    publickey bytea NOT NULL
);


ALTER TABLE public.validatorqueue_exit OWNER TO beaconchain;

--
-- Name: validators; Type: TABLE; Schema: public; Owner: beaconchain
--

CREATE TABLE public.validators (
    validatorindex integer NOT NULL,
    pubkey bytea NOT NULL
);


ALTER TABLE public.validators OWNER TO beaconchain;

--
-- Data for Name: attestation_assignments; Type: TABLE DATA; Schema: public; Owner: beaconchain
--

COPY public.attestation_assignments (epoch, validatorindex, attesterslot, committeeindex, status) FROM stdin;
0	6	5	1	1
0	66	5	1	1
0	50	5	1	1
0	43	5	1	1
0	39	5	0	1
0	11	5	0	1
0	29	5	0	1
0	53	5	0	1
0	48	5	0	1
0	38	6	1	1
0	57	6	1	1
0	42	6	1	1
0	40	6	1	1
0	63	6	1	1
0	23	1	0	1
0	20	1	0	1
0	51	1	0	1
0	55	1	0	1
0	41	1	0	1
0	28	1	1	1
0	15	1	1	1
0	24	1	1	1
0	2	1	1	1
0	54	2	1	1
0	58	2	1	1
0	9	2	1	1
0	36	2	1	1
0	1	2	1	1
0	17	2	0	1
0	67	2	0	1
0	68	2	0	1
0	5	2	0	1
0	65	4	1	1
0	32	4	1	1
0	44	4	1	1
0	13	4	1	1
0	16	4	0	1
0	49	4	0	1
0	37	4	0	1
0	52	4	0	1
0	60	3	0	1
0	18	3	0	1
0	3	3	0	1
0	25	3	0	1
0	8	3	1	1
0	19	3	1	1
0	35	3	1	1
0	61	3	1	1
0	56	3	1	1
0	10	7	1	1
1	29	14	0	1
0	0	7	1	1
1	63	14	0	1
1	53	14	0	1
0	12	7	0	1
0	7	7	0	1
1	11	8	1	1
1	8	8	1	1
1	46	8	1	1
1	26	8	1	1
1	1	8	0	1
1	64	8	0	1
1	69	8	0	1
1	47	8	0	1
1	40	9	0	1
1	21	9	0	1
1	54	9	0	1
1	12	9	0	1
1	14	9	0	1
1	43	9	1	1
1	48	9	1	1
1	45	9	1	1
1	5	9	1	1
1	0	10	1	1
1	57	10	1	1
1	55	10	1	1
1	18	10	1	1
1	27	10	1	1
1	24	10	0	1
1	3	10	0	1
1	22	10	0	1
1	36	10	0	1
1	16	11	0	1
1	67	11	0	1
1	33	11	0	1
1	15	11	0	1
1	13	11	1	1
1	39	11	1	1
1	68	11	1	1
1	37	11	1	1
1	6	11	1	1
1	51	12	0	1
1	60	12	0	1
1	62	12	0	1
1	23	12	0	1
1	66	12	1	1
1	52	12	1	1
1	19	12	1	1
1	30	12	1	1
1	2	13	1	1
1	61	13	1	1
1	25	13	1	1
1	65	13	1	1
1	17	14	1	1
1	49	14	1	1
1	34	14	1	1
1	35	14	1	1
1	42	14	1	1
1	20	13	0	1
1	7	13	0	1
1	41	13	0	1
1	38	13	0	1
1	50	13	0	1
0	30	6	0	1
0	22	6	0	1
0	4	6	0	1
0	62	6	0	1
0	69	7	1	1
0	34	7	1	1
0	47	7	1	1
0	45	7	0	1
0	64	7	0	1
1	31	15	1	1
1	10	15	1	1
1	28	15	1	1
1	32	15	1	1
1	44	15	1	1
1	58	15	0	1
1	9	15	0	1
1	59	15	0	1
1	56	15	0	1
1	4	14	0	1
3	56	29	0	1
3	40	29	0	1
3	58	29	0	1
3	47	29	0	1
3	16	29	0	1
3	36	31	0	1
3	17	31	0	1
3	52	31	0	1
3	26	31	0	1
3	46	25	1	1
3	25	25	1	1
3	22	25	1	1
3	3	25	1	1
3	31	26	0	1
3	62	26	0	1
3	44	26	0	1
3	49	26	0	1
3	64	27	0	1
3	68	27	0	1
3	20	27	0	1
3	1	27	0	1
3	65	27	1	1
3	39	27	1	1
3	9	27	1	1
3	51	27	1	1
3	2	27	1	1
3	8	28	1	1
3	66	28	1	1
3	38	28	1	1
3	10	28	1	1
3	27	31	1	1
3	18	31	1	1
3	32	31	1	1
3	69	31	1	1
3	37	31	1	1
3	11	24	0	1
3	6	24	0	1
3	60	24	0	1
3	33	24	0	1
3	41	25	0	1
3	59	25	0	1
3	54	25	0	1
3	12	25	0	1
3	55	25	0	1
3	19	26	1	1
3	42	26	1	1
3	50	26	1	1
3	57	26	1	1
3	63	26	1	1
3	5	28	0	1
3	45	28	0	1
3	28	28	0	1
3	34	28	0	1
3	24	30	0	1
3	30	30	0	1
3	14	30	0	1
3	23	30	0	1
3	7	24	1	1
3	61	24	1	1
3	67	24	1	1
3	48	24	1	1
3	43	29	1	1
3	29	29	1	1
3	53	29	1	1
3	13	29	1	1
3	15	30	1	1
3	35	30	1	1
2	32	17	0	1
2	47	17	0	1
2	45	17	1	1
2	26	18	1	1
2	35	18	1	1
2	10	18	1	1
2	54	18	1	1
2	51	18	1	1
2	62	18	0	1
2	57	18	0	1
2	53	18	0	1
2	12	18	0	1
2	11	19	1	1
2	41	19	1	1
2	0	19	1	1
2	8	19	1	1
2	16	19	1	1
2	36	19	0	1
2	14	19	0	1
2	22	19	0	1
2	48	19	0	1
2	23	20	1	1
2	4	20	1	1
2	21	20	1	1
2	67	20	1	1
2	19	20	0	1
2	31	20	0	1
2	30	20	0	1
2	33	20	0	1
2	6	21	1	1
2	2	21	1	1
2	17	21	1	1
2	40	21	1	1
2	66	22	1	1
2	1	22	1	1
2	38	22	1	1
2	37	22	0	1
2	42	22	0	1
2	61	21	0	1
2	65	21	0	1
2	7	21	0	1
2	58	21	0	1
2	46	21	0	1
2	69	16	1	1
2	59	16	1	1
2	44	16	1	1
2	63	16	1	1
2	56	16	0	1
2	52	16	0	1
2	64	16	0	1
2	5	16	0	1
2	9	17	0	1
2	29	17	0	1
2	60	17	0	1
2	24	17	1	1
2	15	17	1	1
2	50	17	1	1
2	13	23	1	0
2	20	22	1	0
2	43	23	0	0
2	49	23	1	0
2	28	22	1	0
2	68	23	1	0
2	3	23	0	0
2	34	23	1	0
2	27	23	1	0
2	18	22	0	0
2	39	23	0	0
2	25	22	0	0
2	55	23	0	0
3	0	30	1	1
3	21	30	1	1
3	4	30	1	1
4	38	32	1	1
4	28	32	1	1
4	55	32	1	1
4	11	32	1	1
4	10	33	0	1
4	47	33	0	1
4	13	33	0	1
4	34	33	0	1
4	64	33	0	1
4	15	32	0	1
4	41	32	0	1
4	1	32	0	1
4	20	32	0	1
4	52	33	1	1
4	58	33	1	1
4	24	33	1	1
4	53	33	1	1
4	60	34	0	1
4	6	34	0	1
4	14	34	0	1
4	49	34	0	1
4	65	34	1	1
4	39	34	1	1
4	36	34	1	1
4	32	34	1	1
4	46	34	1	1
4	12	35	0	1
4	21	35	0	1
4	48	35	0	1
4	26	35	0	1
4	35	36	0	1
4	43	36	0	1
4	54	36	0	1
4	3	36	0	1
4	31	35	1	1
4	9	35	1	1
4	23	35	1	1
4	63	35	1	1
4	67	35	1	1
4	56	36	1	1
4	62	36	1	1
4	27	36	1	1
4	29	36	1	1
4	40	37	1	1
4	69	37	1	1
4	5	37	1	1
4	51	37	1	1
4	30	38	0	1
4	22	38	0	1
4	25	38	1	1
4	17	38	1	1
4	2	38	1	1
4	8	38	1	1
4	50	37	0	1
4	7	37	0	1
4	18	37	0	1
4	45	37	0	1
4	61	37	0	1
4	44	39	1	0
4	66	39	1	0
4	4	39	1	0
4	19	39	0	0
4	68	39	0	0
4	42	38	0	0
4	0	39	1	0
4	37	38	1	0
4	16	39	0	0
4	59	39	1	0
4	57	39	0	0
4	33	38	0	0
\.


--
-- Data for Name: attestationpool; Type: TABLE DATA; Schema: public; Owner: beaconchain
--

COPY public.attestationpool (aggregationbits, custodybits, signature, slot, index, beaconblockroot, source_epoch, source_root, target_epoch, target_root) FROM stdin;
\.


--
-- Data for Name: beacon_committees; Type: TABLE DATA; Schema: public; Owner: beaconchain
--

COPY public.beacon_committees (epoch, slot, slotindex, indices) FROM stdin;
0	2	0	{17,67,68,5}
0	2	1	{54,58,9,36,1}
0	3	0	{60,18,3,25}
0	3	1	{8,19,35,61,56}
0	4	0	{16,49,37,52}
0	4	1	{65,32,44,13}
0	5	0	{39,11,29,53,48}
0	5	1	{6,66,50,43}
0	6	0	{30,22,4,62}
0	6	1	{38,57,42,40,63}
0	7	0	{12,7,45,64}
0	7	1	{10,69,0,34,47}
0	0	0	{26,59,27,14}
0	0	1	{33,31,21,46}
0	1	0	{23,20,51,55,41}
0	1	1	{28,15,24,2}
1	10	0	{24,3,22,36}
1	10	1	{0,57,55,18,27}
1	11	0	{16,67,33,15}
1	11	1	{13,39,68,37,6}
1	12	0	{51,60,62,23}
1	12	1	{66,52,19,30}
1	13	0	{20,7,41,38,50}
1	13	1	{2,61,25,65}
1	14	0	{4,29,63,53}
1	14	1	{17,49,34,35,42}
1	15	0	{58,9,59,56}
1	15	1	{31,10,28,32,44}
1	8	0	{1,64,69,47}
1	8	1	{11,8,46,26}
1	9	0	{40,21,54,12,14}
1	9	1	{43,48,45,5}
2	19	0	{36,14,22,48}
2	19	1	{11,41,0,8,16}
2	20	0	{19,31,30,33}
2	20	1	{23,4,21,67}
2	21	0	{61,65,7,58,46}
2	21	1	{6,2,17,40}
2	22	0	{37,25,42,18}
2	22	1	{66,28,20,1,38}
2	23	0	{39,55,3,43}
2	23	1	{49,34,13,68,27}
2	16	0	{56,52,64,5}
2	16	1	{69,59,44,63}
2	17	0	{9,32,29,47,60}
2	17	1	{45,24,15,50}
2	18	0	{62,57,53,12}
2	18	1	{26,35,10,54,51}
3	25	0	{41,59,54,12,55}
3	25	1	{46,25,22,3}
3	26	0	{31,62,44,49}
3	26	1	{19,42,50,57,63}
3	27	0	{64,68,20,1}
3	27	1	{65,39,9,51,2}
3	28	0	{5,45,28,34}
3	28	1	{8,66,38,10}
3	29	0	{56,40,58,47,16}
3	29	1	{43,29,53,13}
3	30	0	{24,30,14,23}
3	30	1	{15,35,0,21,4}
3	31	0	{36,17,52,26}
3	31	1	{27,18,32,69,37}
3	24	0	{11,6,60,33}
3	24	1	{7,61,67,48}
4	32	0	{15,41,1,20}
4	32	1	{38,28,55,11}
4	33	0	{10,47,13,34,64}
4	33	1	{52,58,24,53}
4	34	0	{60,6,14,49}
4	34	1	{65,39,36,32,46}
4	35	0	{12,21,48,26}
4	35	1	{31,9,23,63,67}
4	36	0	{35,43,54,3}
4	36	1	{56,62,27,29}
4	37	0	{50,7,18,45,61}
4	37	1	{40,69,5,51}
4	38	0	{33,30,42,22}
4	38	1	{25,17,2,8,37}
4	39	0	{19,57,68,16}
4	39	1	{4,66,0,59,44}
\.


--
-- Data for Name: blocks; Type: TABLE DATA; Schema: public; Owner: beaconchain
--

COPY public.blocks (epoch, slot, blockroot, parentroot, stateroot, signature, randaoreveal, graffiti, eth1data_depositroot, eth1data_depositcount, eth1data_blockhash, proposerslashingscount, attesterslashingscount, attestationscount, depositscount, voluntaryexitscount, proposer, status) FROM stdin;
0	6	\\xcfec89e9b822da6114b59e5e95f99b5fed8a27823a55f198accebcf266dec485	\\x11b985f521174ae22180e95ffb6652b79fc5778e47d3d074cf6118cea4814a0a	\\x58e9fae5e38f77985b6a3ecc4614002724009012e6346aa538c3ee4b3bc07942	\\x8e5e9547ab6fca850e81bb6373c0412d60358b28fb3daf9557d1b507d5383d5a2bb366a407750ca7bbe9106d8840c43c18f6dbbce5dcf2eacb7116a0f75278f6c25dc2cb61dbf6cc3671faa1f7cd65662624e7705c97fd4c091218bedeb79451	\\xadb1e218fa64d5fc563a7f7aec02ed29d8ade583f3b9394168d9d00bd55be7a42b6961bbbf17a3e559257e29d1b61cf606395967ae80749e9725cfadbf3e3d797a4ea11e7684f5cfb7404c300a9d7bf076425a43dba762c97d9c0cab85d790f2	\\x0000000000000000000000000000000000000000000000000000000000000000	\\xe0376eb01f144c0673a4f1b636b0a0a2b2cbecc29414691a200a12c9fecf280c	70	\\x73c1398ec31627d386f5e3441965beabd15142f17fd6d7c761627809f6e1f221	0	0	2	0	0	46	1
0	7	\\xb9be80980132d08ce4ccfbf5cd275867fa1cc7c6673e3fb5f2350d18733ebd3c	\\xcfec89e9b822da6114b59e5e95f99b5fed8a27823a55f198accebcf266dec485	\\x215bf6458e866e3c1296a92246fe42c990e4f3ea24af677f85bd913edf118024	\\xaf40b250169237728fa0dac60fe73f9b2b1efe0bee60c694ce0b22c1ef5e043fb6ae4b19732c331d5790083a61e78d600e40d5681ac6e3053642711284b46d8fcc4f6de4428868f1416302d3f2f659d669fee1297d5175d062ccf43ddee6184c	\\xb741b3f5516703bf3b6fd8bf914d51dfd72c5257f53c0082ae1a287f6a0d2b241a757f30e47d27305a8d001b074a1d1715808bab330137a872a41336ceb53fd6ee907006326e9c017a6fb7a43579af469dbded50eb7a973cb2347d8d91d55d51	\\x0000000000000000000000000000000000000000000000000000000000000000	\\xe0376eb01f144c0673a4f1b636b0a0a2b2cbecc29414691a200a12c9fecf280c	70	\\x73c1398ec31627d386f5e3441965beabd15142f17fd6d7c761627809f6e1f221	0	0	4	0	0	19	1
0	1	\\x9c93de2f5f213a5fbde66b73639486ff20e486c05e34a822e5568bdd00a648d4	\\x60bd67bb5d26a22f5584d68a99fe3762eaa743c4419661353027633057530648	\\xc9d28212a8b2e090ce33a2d206b9c6519bccc1f3accf9157e23a1ed727a14992	\\x8a986becaf2bebab785ac1c41a815820c20a83e33f3ec5997e83a5ee4046b583f6ae64d088e51ece672a686ce968444e0b7f0f1c3ca7ae05d2677cd5161788463d35d54324498ebc555ec4900c85d3b21011aaffddd4cc25da6709fd906db1ef	\\x9255e765402d3f9258fe5656e44b102d5b2f537a3e1d789d12a312dba0103f0090235ca0b1530d6de2a91c8ce7398ae4087c8467696a866f828ca5740aaabe2d946f34a92360080c2d11e6e0553d26c432e13b60de69f8b605979bf0784344e5	\\x0000000000000000000000000000000000000000000000000000000000000000	\\xe0376eb01f144c0673a4f1b636b0a0a2b2cbecc29414691a200a12c9fecf280c	70	\\x73c1398ec31627d386f5e3441965beabd15142f17fd6d7c761627809f6e1f221	0	0	0	0	0	24	1
0	2	\\x863bd1ccd9df783f736840002817638100c09c151b6cf0077bfc20c5090dfed1	\\x9c93de2f5f213a5fbde66b73639486ff20e486c05e34a822e5568bdd00a648d4	\\xf51320062ec8022dbdc917316aae6cb8fe13ae1151c7b1c92a4e89621a5960ef	\\x8cbb7ffe7c6e2da516f88f34b1501cb09c1efe9d22e66d82586ae1d4e8759e582d8b126fded8748da754bc1e204317121613b10e0ef80ec3d0f71ae103c7ca7503305609bb9d9511b296f5e9259989681a85532c9d1750785ef35fc6459539b4	\\xadf69bf60d012f7ecd0473b973d584bbe2390fe7f341db37ad63a35659344c3e025013169880160dfe71e96880c2b63f040e588510a230ad7fc85045f402bcdd669f1dbd9fa6a1b2a63465b37cb3d0bdf62975033d9b377b71265ea2554f7fa9	\\x0000000000000000000000000000000000000000000000000000000000000000	\\xe0376eb01f144c0673a4f1b636b0a0a2b2cbecc29414691a200a12c9fecf280c	70	\\x73c1398ec31627d386f5e3441965beabd15142f17fd6d7c761627809f6e1f221	0	0	2	0	0	66	1
0	3	\\x704624542277750fef6ba7af5f0545b462047e7c55112090f645ca67b924adee	\\x863bd1ccd9df783f736840002817638100c09c151b6cf0077bfc20c5090dfed1	\\xb90aa3cc1a0d709c68ce3e3ec40d9930c92783d6e900fdfb8a726579304bb7b2	\\x85e4534a7557f2b8cee984b6bcc151610fba7a3daf371b9832002e6f5c6b7a5b46c10c83550eea5be1131a8295cad834058fbfcb00f9e3e9c3e9a79a2589c600bfae940342d0b004a6b9c6948a011c4263c0c9c038c67815368afe09fdbca4e1	\\x99ed6c3d364446f9e536080c44d797c74d73190a915ad45246e8f470ea1bb2c6b62c28f01b520e88dcebeec048cccfa8050c8707b54ad610b7c2ae159a853b8b3d49fe6925a8936caf55bcabdfcfb1bfb76fd5dad952634bf89eb7f73e37d3a0	\\x0000000000000000000000000000000000000000000000000000000000000000	\\xe0376eb01f144c0673a4f1b636b0a0a2b2cbecc29414691a200a12c9fecf280c	70	\\x73c1398ec31627d386f5e3441965beabd15142f17fd6d7c761627809f6e1f221	0	0	2	0	0	4	1
0	4	\\xf142b246fc3e9337eb521334fb12858d5d31d9b7359218c3930791caf4b4f5af	\\x704624542277750fef6ba7af5f0545b462047e7c55112090f645ca67b924adee	\\x38e483bc5b006fbe33780685a7ef6e37c4bda9b75bfed5f1520354f5d9490c68	\\x836428e5588bdb93cef8ade417d04d746af889429ea16066c1172e4b7acad144190734d348fbd7a22d7f818ee30ae679172e20c125142cb241cb3467d513060a45bc04c11cff3a175bf96441e9508d5ab8f55e6df33a4f0743719270abf04313	\\x95bb55ff846671da3400008e4b34da83026969d695ec73e7d838be70ba26b3426bf369af3600a2948bb71d17fec3df700f3170e2f8a6e29cef8689d721d2fb36c9f5391456db541b982dd66f4885fc3900948bb109f1207a192fb185c5bde1b2	\\x0000000000000000000000000000000000000000000000000000000000000000	\\xe0376eb01f144c0673a4f1b636b0a0a2b2cbecc29414691a200a12c9fecf280c	70	\\x73c1398ec31627d386f5e3441965beabd15142f17fd6d7c761627809f6e1f221	0	0	4	0	0	23	1
0	5	\\x11b985f521174ae22180e95ffb6652b79fc5778e47d3d074cf6118cea4814a0a	\\xf142b246fc3e9337eb521334fb12858d5d31d9b7359218c3930791caf4b4f5af	\\xcca4f68ee6e6777476916578cee65e2a04cd8be6b91c71085d8d58de0cf1e16c	\\xa96d2f3bbc66a678eca59f73902878a158865237805cb6d2df64a9527b7f8b4e2c24547697ce6cd2e385b7018c4c8a611928c7f7285b40e577130125c6cae380931100140c425682c2bb32eadb9da1bd22502537d9d6d9d402992920124a3ced	\\xa1dbdeb415239370534cb4263483baed87d776c4587fc1742f34a251c671fca22da4ec1819f0a429681ae17d5d76044704b1af0799e37bc5a650a98c890a61547a6c549206f3f5f106a09541e81f97a9a31c569b241517049ba1188154bdd4f2	\\x0000000000000000000000000000000000000000000000000000000000000000	\\xe0376eb01f144c0673a4f1b636b0a0a2b2cbecc29414691a200a12c9fecf280c	70	\\x73c1398ec31627d386f5e3441965beabd15142f17fd6d7c761627809f6e1f221	0	0	4	0	0	51	1
1	9	\\x37650713e430c9c69fef734600c8fd8eb7ab470d5218e981634434289b2ac12f	\\x8439dd357d78814ff5a6f847df21c3b274d16c6f015d8d8847ba8f709a32a9a1	\\x4715ed35d8f29c4a30f15d5183d62324eba9c91d756e1a711e57a66a83ac4b73	\\xb81fc3fd740779d3c81f4f945e7b0d8cfac2455e5c1460955ce4d97975ff3974967e2701e7d1187d2d8a6b48deaac8e91844ed7bdbdc02badcc8b7b3c3817596d3db4e5d6310da79ccef8b65893922047c17294d3363a423652358df45f0ca20	\\x999240373a179bf290c199d431befec11982fcfb2d367ac9c315ad16ebca4e64ef491108c08ad83e77934fb50e168ec8163605eb6e8359c3784db9968a5a4c576eed161603aac669906b587009122d8fcfabacdd421bb17b8a78282a83ba6b12	\\x0000000000000000000000000000000000000000000000000000000000000000	\\xe0376eb01f144c0673a4f1b636b0a0a2b2cbecc29414691a200a12c9fecf280c	70	\\x73c1398ec31627d386f5e3441965beabd15142f17fd6d7c761627809f6e1f221	0	0	4	0	0	7	1
1	10	\\xd8165abb9858ef51bc08540b7b6171fd563c6acd975a9fb997ede5bea902489c	\\x37650713e430c9c69fef734600c8fd8eb7ab470d5218e981634434289b2ac12f	\\x6e1ef3bc9cd49a476ca3da17d4fdc0ec2007e924ad4c5940f011823790f37cc5	\\xa48b8bf4108c51d9e76a04828557181a7ef6522b32f1398f231e2c2874b0f3b064338cfab9ecdb9967a68f1f6ef8d4001524d1a95a9b34f5a29b2f7573f7adcf8077494391457121125241bfad7afe2cab8360bb0656b2646b766aacc3a21fba	\\x94fde614482f50ba2ac010c8031fdc3ee0d312cc8e685fb3a0dd6d6ac0a1962789dab58a729f15d8ebd781b3c4368efb16b39b3662a7395af740107121302f1055465bca2628ed56a98a95636e0a8c5920bfe889f0ba14e436e55d6efe9030c0	\\x0000000000000000000000000000000000000000000000000000000000000000	\\xe0376eb01f144c0673a4f1b636b0a0a2b2cbecc29414691a200a12c9fecf280c	70	\\x73c1398ec31627d386f5e3441965beabd15142f17fd6d7c761627809f6e1f221	0	0	4	0	0	41	1
1	11	\\xb7a391d5ca3b72906f51cc513a4c45d9545a2dc261314c59b2ca169ffd0a1a42	\\xd8165abb9858ef51bc08540b7b6171fd563c6acd975a9fb997ede5bea902489c	\\xa21e0dc72bf16ddfa71c1d2b3f479012900afd189d9a00a1dddc0461e98fe81d	\\x838665e93afe11b6e2bbfce0b02ab1053ddb256426777cb2a2d79427c19231a6779129272fa41094a1a111640898819c076d636d9f7f195625bbc6b606fd91e660b1102627ace0f5ab33d15abcf26a3d873d5dd56d61026cfcf98b8533bfedf8	\\x92dc30695ee44a52e0d1c7e5510ae2941c9be644b270a363dc68b2d1c2298953a2e346f241a600a3af8fa66d4e2ef72d183715968a00fe5a71b1f31d300a0194049a3f2afefe595f7cbc17e1b705aa4b72e3c405cfec4800d64f638b6212fb8f	\\x0000000000000000000000000000000000000000000000000000000000000000	\\xe0376eb01f144c0673a4f1b636b0a0a2b2cbecc29414691a200a12c9fecf280c	70	\\x73c1398ec31627d386f5e3441965beabd15142f17fd6d7c761627809f6e1f221	0	0	4	0	0	46	1
1	12	\\xb520d1b22bddf2ad5a0271095985b7f66d171b5adb2254257b80dabdba900b8e	\\xb7a391d5ca3b72906f51cc513a4c45d9545a2dc261314c59b2ca169ffd0a1a42	\\x4d3b9585e4164262c73edcaabf3cc07641fded1ea11a8d31c2b3c90d0c40283d	\\xaaeb1fc254d9dfdfc079d9b071ba8e251c96e0d72a6ba77ef8e7e502f9d7fc088bde8e081594fbe2ba35e2726c64e397195028a51440a579f700bf447189a4fac5ee668979fa1c0bcbdaa7f130d752f5a16ba08462993b4a79434e1e83d5780a	\\xb16ff7d4cdc22ed95176e36c2e6d19e3da21466caf4539901d074fd0347f0aaa0e49883430bff911b1c5836a037167521289a3e5bf781564f2c2d951da4e4b775d56c6bfc7f9f8121b5742b3c749df748dbee966d678c1b9c5b402c0d4df2bb4	\\x0000000000000000000000000000000000000000000000000000000000000000	\\xe0376eb01f144c0673a4f1b636b0a0a2b2cbecc29414691a200a12c9fecf280c	70	\\x73c1398ec31627d386f5e3441965beabd15142f17fd6d7c761627809f6e1f221	0	0	3	0	0	52	1
1	13	\\xed229c90f188313d71d928f8053b527f4a92ef8c32f355fe0d79f3d41c1c21d1	\\xb520d1b22bddf2ad5a0271095985b7f66d171b5adb2254257b80dabdba900b8e	\\xc8692146dfd716428530e28093cc0516c0be89d834c67ddabb1431affd42acc6	\\xb10c69f54eaed8aed9909c81cb2861e5e905a6bcec11170f814dc92d13ca1d1a8a45493ed4a1de871da88cc52aae24810773f9df63af37edf71c08b3d75a3ba56414c2109eac0e2df28ab92aff2524062fb993def24de357ac60a06dd9fa979b	\\x9089f3e62373733f7b1248ce8fa0dfbede989d91d53b363bf7f3c73f6334276d4a66e406acf292f0cb6a52772b3e6919079036ff71d0ede7de58599995c5f7d5e9ede4c625310e7474ef49d38c44751c7e5b3e3edd10c8c7b6ea0c89774a0f07	\\x0000000000000000000000000000000000000000000000000000000000000000	\\xe0376eb01f144c0673a4f1b636b0a0a2b2cbecc29414691a200a12c9fecf280c	70	\\x73c1398ec31627d386f5e3441965beabd15142f17fd6d7c761627809f6e1f221	0	0	2	0	0	69	1
1	14	\\x8c952dac331ba3f8b9c391da3935b6b4d08d05117699fedbe4d492d65590714b	\\xed229c90f188313d71d928f8053b527f4a92ef8c32f355fe0d79f3d41c1c21d1	\\xc46307c671281d1d3746809b15a2a66c4ab64749d82793cfc4691b13d449b475	\\x93862c2001f7fc2c45768aa9c7620e759e385a417de0e105df5ae52eff59dd89d6ed890aefb1ac5a46e225e17558a1180353356694576a6ecf3cff8cfa8b51e6886abe65d16f5ba21e8ce7bc91504ce5d4243735cc87a6fee679ff2a099429d5	\\xa6d2805f337c06bb003c8de163e667bb3b5055ae6d6122c27dad94c5b56e2fbfa16c0a554b11d0adb88f0982cf4bfa2c04dceebbb4549cd19e04ecbf073dacb0ca224d165a7c749159c8844170d2c7ec3b9c2593b94222a7c1cafb9fd287f426	\\x0000000000000000000000000000000000000000000000000000000000000000	\\xe0376eb01f144c0673a4f1b636b0a0a2b2cbecc29414691a200a12c9fecf280c	70	\\x73c1398ec31627d386f5e3441965beabd15142f17fd6d7c761627809f6e1f221	0	0	3	0	0	12	1
1	15	\\x342d6097b2cb1e1ed4e275dba22359aea1f00b5329ead126f60bba9f4270b2e4	\\x8c952dac331ba3f8b9c391da3935b6b4d08d05117699fedbe4d492d65590714b	\\xf6b6598e7b60b60cd3fd11059b691f13204bbf2fe584832b37b2405933db675e	\\x8827b61274f1201139851aa3607953353afea9af8946637f19888e95a705286ba314bf615668893f9c851ad03341931107c3a10e89b1efa251657f35c4ba8c9a460a3763ebe2ea4e4b1f4d67a20e78aac746cf0c4f36898ea9905dc8863d0000	\\xa58303a7192014c40c7bee3979bbecb211b97f9bf98b7d5e0821ce73292691b905bb4bb2b22a2391ae831729da62951b0e028b67e82fe99bbdd8e5f2ca2bb7e897ebd4a5ba86881b0891101ffec33673c052573e1a2baba2fb725671ae663241	\\x0000000000000000000000000000000000000000000000000000000000000000	\\xe0376eb01f144c0673a4f1b636b0a0a2b2cbecc29414691a200a12c9fecf280c	70	\\x73c1398ec31627d386f5e3441965beabd15142f17fd6d7c761627809f6e1f221	0	0	4	0	0	0	1
1	8	\\x8439dd357d78814ff5a6f847df21c3b274d16c6f015d8d8847ba8f709a32a9a1	\\xb9be80980132d08ce4ccfbf5cd275867fa1cc7c6673e3fb5f2350d18733ebd3c	\\x5de612acad411875b453ce47f48886ee5f4669fe462cf193d67828b05333fed4	\\xa203447f7c2f0a4d9c7c767c02e5bb5ab6b3344975fa26729133becfb2fce0ce93b12d08cc618b7b783647aee88c3c210a2d3e9c6df7b54b3581d486a2579af8664377602ef7b4e553986f4ba7b8e7029a1a95f6c15b4708ae49eb32c674b544	\\x8243f24fadc0212573af19a4b2e82b0e175eb8e0e32e8cc6eb3a572b679aca5fc377b56b0604c2d125bd9f6dc9dd8a580704b081528d11c4e68721280b2b41d7cc4a0355b40533c381ee4c980341d4d2cdaa292d20c5d0ac8057d8d4869bf8cb	\\x0000000000000000000000000000000000000000000000000000000000000000	\\xe0376eb01f144c0673a4f1b636b0a0a2b2cbecc29414691a200a12c9fecf280c	70	\\x73c1398ec31627d386f5e3441965beabd15142f17fd6d7c761627809f6e1f221	0	0	3	0	0	1	1
2	19	\\x80d54750f0610e4067f03df7ff7c4a72ba27223cb27df1cd292d5ac2a7c1fc59	\\x4281196d0d08e088eeeda00918a16011f9afb3ecb83030dbd19b772e335a3adb	\\xa00b44b9b4b883dfc752cb116bb126b2d66e780c882e41e97e098722cc74735d	\\x94cadee0dcf7aaaa2436fbe74624c27c49b0021291f67bd59a831d847f80f369c86624d2a643fa4129f8f36149d4f01d0e0c868ec3ea211789d54cfbc16a11e893364b37a842f6897c88065c835dd588b32113ff96ed949d164934d27219d08f	\\x9712052015f90c806c60b8a12d6bcff9f7a3137b7030cf8cb66d8efe220702e8cc3753feec79640025aa737d3b7a3ae2056298a75e94017bc0dd663ced80465f5fd8bfa94dd85c86667790725482c43e838d43b7dca5acb464f62d21da084941	\\x0000000000000000000000000000000000000000000000000000000000000000	\\x7364bb473f4db61f24f90646b773a09e9adcef9f604a610387a136c1757e44a4	47	\\x1a056137ff7f2811fd58a945dfda5c9badaaac16881d77096e990bd02a15dd87	0	0	4	0	0	69	1
2	20	\\xf8a4fe1c450d7b0b350e3cfd7e31a3637c5bf3d3b8bd0d8c830daf5260ab9356	\\x80d54750f0610e4067f03df7ff7c4a72ba27223cb27df1cd292d5ac2a7c1fc59	\\x02475554426f0c9467c1fd274f55cc90a36c12aa29abf78caa0870bed9522429	\\x922d401042b1b95c49d6081d15544ac35d8f066815b83c4837427afe1ad2c9eb68f7f4c4a89cccebd836fa47f971ab780d91afd7f38a4a77f3dd00c3446032125d7a4f63b73a8f21696e5cd45ca69541ff099657193a9363ea25260ff33e5929	\\x964df576c147d1a12e2dbfcfe190d6c48ffb15ad66674d3cba55a88e3f02c1a6651f6e0f265cd8adbaf5d7c2e6b4ff470b4c2eda9f7e5bb514bd8bdc8af555fd1e41d8ae3aff638c8dcf41aeb589f96414075b9a1618ab055c27b88464ec2764	\\x0000000000000000000000000000000000000000000000000000000000000000	\\x7364bb473f4db61f24f90646b773a09e9adcef9f604a610387a136c1757e44a4	47	\\x1a056137ff7f2811fd58a945dfda5c9badaaac16881d77096e990bd02a15dd87	0	0	2	0	0	58	1
3	28	\\x01	\\x	\\x	\\x	\\x	\\x	\\x	0	\\x	0	0	0	0	0	57	2
3	31	\\x01	\\x	\\x	\\x	\\x	\\x	\\x	0	\\x	0	0	0	0	0	62	2
2	21	\\xe18978712fd80e07987c0250a0655c2129aa8c80ef49fcaf71531b7cdb37f4a3	\\xf8a4fe1c450d7b0b350e3cfd7e31a3637c5bf3d3b8bd0d8c830daf5260ab9356	\\xfa6d49d8faf14e9813445c45f6c68ce73b31e404f7e6e243aa3afa467527609e	\\xb4bfc18c5ef7717a61b935898fc45c40882b224813064644d10104284d322d8610acfbf6daf63aca3f477a480a494db00e28cac7bbb813f13250d2d0fd30c2da72d0af11dacbeb0caf05ec937d9dadd5f098cbf14fb73ed8f8305d3e4eb4bb64	\\x8dcd5c83ce9bf5277bc4ea1e56824b1a7152b940eef5138434af8b1f6e110c1438ca2872471dabd368bf7d3067c4942819d7294c0d5f749e7dddea37e04a3ccabf3779f7bdcf900e718c3f35af2697503b1573195904ca1e607faddbf2f6df94	\\x0000000000000000000000000000000000000000000000000000000000000000	\\x7364bb473f4db61f24f90646b773a09e9adcef9f604a610387a136c1757e44a4	47	\\x1a056137ff7f2811fd58a945dfda5c9badaaac16881d77096e990bd02a15dd87	0	0	2	0	0	19	1
2	22	\\x0567abc3e4d51e580cac41a06f9bfcc1fa5df59f4fc32066fec6ff92ac87dda4	\\xe18978712fd80e07987c0250a0655c2129aa8c80ef49fcaf71531b7cdb37f4a3	\\x0083fec70fb126cd62563fa9360f582ec175d13c2e38560fc491268c9178eaf2	\\xa4c1da2fcbd6ff1ed05726cdc9006ed1063d82e7082431c787a32bac049b8c78691904c2ff1bee352a2db9f3410c0d0702308d3b7487d882e0fa130f84f7be5c15b0a52bafa52a9abe6f010189e6a420ad2b4ff6872306ffbd287cb3b9897040	\\x8a89d1e01f86a52cc50bb6a3872b539157f44fd39e906edaf9e7cd71b28c0e4b94fd447f7d196c2803cf6104db2c76fa19ce026921e4bd54a561f73a08ab94683dce1981680735a08429de4bd55c9c1c2b2691a630783c2d9e5ba3faf34fea6c	\\x0000000000000000000000000000000000000000000000000000000000000000	\\x7364bb473f4db61f24f90646b773a09e9adcef9f604a610387a136c1757e44a4	47	\\x1a056137ff7f2811fd58a945dfda5c9badaaac16881d77096e990bd02a15dd87	0	0	4	0	0	64	1
2	23	\\x57f2790715e1dd279f26ef6a4d5c491805c945ade574c4bd71468b5e597805d2	\\x0567abc3e4d51e580cac41a06f9bfcc1fa5df59f4fc32066fec6ff92ac87dda4	\\x3f23641fe5bb55ee67f3c182945addb75240b24734d81c609ecfa181f445453a	\\xb1fec9fcbb6303e828018629a138388a3bac22d67b16ab15dbcf011070da842bc247d10897788f21448ed820cdf2fca614019ddb99d04998f0dc9abe21cda804c56045fbf9f187835f174cfa094be8d7201ac2e040cef924932466537a290d1a	\\xa1529bb35056ce0ea241363e67bd93f8a3ec071ff1173de888fa9c5c4c4ee63dd7de59b073413a38992c03573abda22e0c4176014175edaaa38293b08f43fabac2b5c5158ad2b665d04f9e3bd3395d5f37a6f1c674e23a85acde6e555a607a4e	\\x0000000000000000000000000000000000000000000000000000000000000000	\\x7364bb473f4db61f24f90646b773a09e9adcef9f604a610387a136c1757e44a4	47	\\x1a056137ff7f2811fd58a945dfda5c9badaaac16881d77096e990bd02a15dd87	0	0	3	0	0	31	1
2	16	\\x36ee361550cbb2e84699b935b9a1d494f05f87870886c3f5dc43fa5081e6b92b	\\x342d6097b2cb1e1ed4e275dba22359aea1f00b5329ead126f60bba9f4270b2e4	\\x6295dc6faa5b7e94758e2c56053ca5389d979f1dac64938e2fe1ae6baf82e45f	\\x8f901ac5ad97843b1a046e51ef914b92a456bad57e18f42cee1777efcd77eefc477e3d375c2d25ea9110e5f95c76d3400e9f3580b60c846dabe32f62b71344a5b010dd599c5141cfe6917b61ddf8866e91b8a3b2e5044c2383f9fa4a33f6d2dc	\\x8b37c77caeec4279f8a053ad25d78ee5e0113f819d02042028ea854455b2d84288c7c33530969183387a80b96f7650480b1be4eebda252611314820341650a132905aaacae8f284dd6991c2c238f457735d2423a82e63c2646fbc6dde0dad34d	\\x0000000000000000000000000000000000000000000000000000000000000000	\\x7364bb473f4db61f24f90646b773a09e9adcef9f604a610387a136c1757e44a4	47	\\x1a056137ff7f2811fd58a945dfda5c9badaaac16881d77096e990bd02a15dd87	0	0	3	0	0	49	1
2	17	\\x810cfd2f182281d54df82456bc7f17ef08a77e850c54bd9db66e9a6b57c72946	\\x36ee361550cbb2e84699b935b9a1d494f05f87870886c3f5dc43fa5081e6b92b	\\x2ef6ea63bbc3ef8e90a3c2d9211638b7418a5983d8f1a810afd57cb5d789660c	\\x82c51c98733fd05b353cf509118cc12b9db3a73a027131a7e8de1d4c46f0577d14fb249968e60dc6814bb260e8a67fb00f7033f67c002ea09d1bc38fb5319cab5154a5d1fa7b57c0bf6ba955edbf842d5ed19a411912f4429f1b9c1f01e706d5	\\xb1f9a5cec309efd600bf588aecc3e45a72f539dbe70e57830b489a8eb7e2aace5a89312332bcaafaf21b140a97b346ea14f7f6187ab8b1cfb210b01c458eace1e677a894854a70be3e344e503f2a5af9ad35b7112a15542bd3c75b434298a5f4	\\x0000000000000000000000000000000000000000000000000000000000000000	\\x7364bb473f4db61f24f90646b773a09e9adcef9f604a610387a136c1757e44a4	47	\\x1a056137ff7f2811fd58a945dfda5c9badaaac16881d77096e990bd02a15dd87	0	0	2	0	0	6	1
2	18	\\x4281196d0d08e088eeeda00918a16011f9afb3ecb83030dbd19b772e335a3adb	\\x810cfd2f182281d54df82456bc7f17ef08a77e850c54bd9db66e9a6b57c72946	\\xd49a8fa78773e57fb665dc395f26611d1f1145dcefa7e213fc4d8a4693deaac1	\\x81bd444caae0741aee39aea1dc5305ef3358af0554c6bd12bb4e205409ccf5d9bd2eca4eb60839df2bc005c02b1b0c000854c5edafdf60e76efee412352ca0080ec6c468625626613289eff94631c3f8ba0bb04d20c8804860da6ad30f69bebf	\\xad5b3a1951637fb3f6030f755abf3e478609699a08287f3a7e2a3dc086f274837555dcb9c044e9e38b68b1eb1806807e15338e56eeafcc607178e10f1e3ecc92d8d60922c9a1ee367252e8f3af1daa86f4b4d5b5aa369f1a354e688749afe24a	\\x0000000000000000000000000000000000000000000000000000000000000000	\\x7364bb473f4db61f24f90646b773a09e9adcef9f604a610387a136c1757e44a4	47	\\x1a056137ff7f2811fd58a945dfda5c9badaaac16881d77096e990bd02a15dd87	0	0	3	0	0	44	1
4	32	\\xed0db2cfbf34bc65068fbfd57948b19d81eab247e97cdf73eae90b5a1f1f0cf9	\\x57f2790715e1dd279f26ef6a4d5c491805c945ade574c4bd71468b5e597805d2	\\xa1a737e5b611ed21c466a726fca82e083df1c63386d65c1c8021b7d8f0c5ea87	\\xb7af3a21f93c2f7de2b9c036dadd980346bf7d40da2f2c9e3cc52b0eaa9454e383089badff6e6a7e424e74e03c1ecc9214db22ede1b740abbcfe67dd3df0690e346dd2abf509782d546bee96405f56a8b570565c687c632ca7312dd7cc28d623	\\xb2b70899e607b8ccf564ec61cf51a9fac444a597f6f374c4f2ad836307855827edb7fd6ffdbc882e6631da73665e721c038c5cd464edd447d3d44bca8f319b2a99a8f5050c565307d6e1701f84501383d60e7d1fff4fc3c6edcbc91662582f07	\\x0000000000000000000000000000000000000000000000000000000000000000	\\xb5b59946fb244bf0ffcadaba06c3b5fac5b5f0503d5dbe029e77326e072503fd	165	\\x8809906a3002943636948ef7590026c6d1a326f2196fd482569472895dfbcf1a	0	0	16	0	0	41	1
4	34	\\x208e68839c7d536db755a37d2a726113ee67e7dabc49aef963b985547a915707	\\xed0db2cfbf34bc65068fbfd57948b19d81eab247e97cdf73eae90b5a1f1f0cf9	\\x8c16465f64ed323f0e6dae0c8f0d8d49467aa8a1512c27ee6c061fb17bd5c991	\\xa3ef062a42e16a7b8bb856c80d906a2e7e1747310ae41e4685fafe22baa4dd2390f7512064aeb6bb7e55f71ace42901f17904a034e531b5c750da8219aea43047bfbeccf41906cc397c3510dd7eeadbadb5e4336443ad1744e4134704f68e427	\\x92a9588a436d239923bb5f36b0de95b86fd6e14e3618163d2d2b503c6f67c80f28adf3b8803a3e15b5946d77b119e5340dc2985ae81274b71c4dd924905619644e9ccb7b5740e7ad74d4acf2d2dcea77f05b6d69050aaf83c483151419084b6a	\\x0000000000000000000000000000000000000000000000000000000000000000	\\xb5b59946fb244bf0ffcadaba06c3b5fac5b5f0503d5dbe029e77326e072503fd	165	\\x8809906a3002943636948ef7590026c6d1a326f2196fd482569472895dfbcf1a	0	0	4	0	0	25	1
4	35	\\x7d347b122eebb5d8153141dab6a3f6943df0680565d0b7f64e0c93743acfe5e5	\\x208e68839c7d536db755a37d2a726113ee67e7dabc49aef963b985547a915707	\\x9ba45fbd782e16732b6be3ea9a038b1c28cff48b537c3af568b992dd3f57ac27	\\xb424f3951e1a288bf80ca5b0f4725abf463f6497746618c0be6a38ca05ff5a3182ccbe75428be7d408f84917143f3caa11bf2783499841872fe19913a461d2879a71288200a66c07b9fc0fbac03e8aea528e2567209ac6036242ee40a387e914	\\xa3ae10598e34b62ea5d1ec5964d103075c7915f90228edadb7dda047abe25d89e815b0d949db0b2706cd589058ce701208eaea297b425db04bcdeceb046c8e01612103c25a44f246a2c73ac68f371f48c6bc2ea2780c6f40f21978fb7945b15e	\\x0000000000000000000000000000000000000000000000000000000000000000	\\xb5b59946fb244bf0ffcadaba06c3b5fac5b5f0503d5dbe029e77326e072503fd	165	\\x8809906a3002943636948ef7590026c6d1a326f2196fd482569472895dfbcf1a	0	0	3	0	0	38	1
4	36	\\x041b2ba9a1bd40276d7acc75225bd90cd3efca33ee6144ee02454a941c265084	\\x7d347b122eebb5d8153141dab6a3f6943df0680565d0b7f64e0c93743acfe5e5	\\x15a07b76ddd1cccb8932ffa34151fd37c9947a19b94bb9c4ae841358f8536292	\\x941a66e729ce2bf799c54865738cc3fd09b233b7c9c4d2364b5d68caa212f0d16b38aa5dce051974ed84bf8847a156cb110db821b659e09558e48b8a48bb742422d2acc86d2a6611ab80b3c64eaaffd4a521eb55974063e5cf215405c1217ff6	\\xa1a266383f77fb0277ccb555e0008b764973e1ed69f8caa57548d461725aef2a544318f4acf8e3704790d3b46ced05760d004ea0f404f0aff736aee3aa2cda5cc80234466c953d868651ec280bf8f37aba417d01921201d863822725aa910761	\\x0000000000000000000000000000000000000000000000000000000000000000	\\xb5b59946fb244bf0ffcadaba06c3b5fac5b5f0503d5dbe029e77326e072503fd	165	\\x8809906a3002943636948ef7590026c6d1a326f2196fd482569472895dfbcf1a	0	0	3	0	0	64	1
4	37	\\xac9b25f0324fcbded738d67a9c4af6e1cb8d38b362002f3e3bc2d457a65bd88f	\\x041b2ba9a1bd40276d7acc75225bd90cd3efca33ee6144ee02454a941c265084	\\x4cec4bc5ed9bbb7765db67a59d885b67ac26f42fcb638c17eeec3e3ac7e09830	\\xa78787e7c2cc9b1f003073fbf52a4f03ee0a5d81540a20f888a92fbac9b04051f885d8d25a112726473ec2230eb56afc057155b5e63133f7d6974da668b4c8b34d604c39771ba27a1901c26d83133bc230ff42a0e6b2f0b3ef6734e69bc48765	\\xb437a4fcb26cc16e06dd09326b443e0586d5cb3baf6d0e5af78f3aae19b4713ce2b1bce0f56e7b1865a9e124675bcc980027a4c9412d10b5135c70e2667a1390bd08f94f167a0d4a0f98cd351c6c41cbeea0d92a29be1f8a8fff4be6c0f0c490	\\x0000000000000000000000000000000000000000000000000000000000000000	\\xb5b59946fb244bf0ffcadaba06c3b5fac5b5f0503d5dbe029e77326e072503fd	165	\\x8809906a3002943636948ef7590026c6d1a326f2196fd482569472895dfbcf1a	0	0	3	0	0	55	1
4	38	\\x363f86f2a48cb0acdd17ebacc938351ac36a3aa6f55ed34fd65221b474965da0	\\xac9b25f0324fcbded738d67a9c4af6e1cb8d38b362002f3e3bc2d457a65bd88f	\\x5437746ffc735f568a64b1b14710a156c1a928cbaaadc6f71e5f2e17551d7931	\\x80aee0b88ed0d8cea2e8aa0fcfbb79c9b3fc804d860abd15606a99b15c212d92367f2b94628d4a1654fac80a90ae3b0510aa81431584ba99ccb9a298f63105504bad3e9969e362fbd82864693aab94924ff7e193466997ff24beb3a1b491fad8	\\x94c0ba54a200efe15defea3133331509ceb964a440859efe1f804a71686a6e11bfcdbfb1818dcddaf45662b754b59f3a112a4e8a9cc3f51181f7f63eecdec821d580eeebeea22b646d8a3c5c735dec216983d13d19061739c083005ae9cc1e8e	\\x0000000000000000000000000000000000000000000000000000000000000000	\\xb5b59946fb244bf0ffcadaba06c3b5fac5b5f0503d5dbe029e77326e072503fd	165	\\x8809906a3002943636948ef7590026c6d1a326f2196fd482569472895dfbcf1a	0	0	2	0	0	33	1
4	39	\\xc816b35557a7bb62a670d0987bf4f76b121ec9606f721201adf14f10f7c23829	\\x363f86f2a48cb0acdd17ebacc938351ac36a3aa6f55ed34fd65221b474965da0	\\xe3c17cedb988979f3b369667c90c60fc50c78e77c126c67626552cb4e47df69c	\\xb780b9c6271e6ab3d808782b70f0c3ac554c644ee7e5958b5b2d08b292638aee5011045842bbf3a871b7fb1b715c76fa19a8432a19131c9ab0d245f3f64ee1aa4a71884d2a143129216d3403fe4db5a75d5da8eaad89db99e1f8dbd12faf392d	\\xb10ead39c4bfe37d791fe623647a6db590847ff6204df3a93fa945a43beb71b3de47115a093c019c7b410620f1f663b104b72b6ab653d731e2032b3359cc7054dcb18ebf1033306731c635b8c7a19c3ffe2567a23c584067fc5c75de77c460b4	\\x0000000000000000000000000000000000000000000000000000000000000000	\\xb5b59946fb244bf0ffcadaba06c3b5fac5b5f0503d5dbe029e77326e072503fd	165	\\x8809906a3002943636948ef7590026c6d1a326f2196fd482569472895dfbcf1a	0	0	4	0	0	44	1
3	30	\\x01	\\x	\\x	\\x	\\x	\\x	\\x	0	\\x	0	0	0	0	0	1	2
3	26	\\x01	\\x	\\x	\\x	\\x	\\x	\\x	0	\\x	0	0	0	0	0	6	2
3	25	\\x01	\\x	\\x	\\x	\\x	\\x	\\x	0	\\x	0	0	0	0	0	10	2
3	29	\\x01	\\x	\\x	\\x	\\x	\\x	\\x	0	\\x	0	0	0	0	0	18	2
3	27	\\x01	\\x	\\x	\\x	\\x	\\x	\\x	0	\\x	0	0	0	0	0	22	2
3	24	\\x01	\\x	\\x	\\x	\\x	\\x	\\x	0	\\x	0	0	0	0	0	43	2
\.


--
-- Data for Name: blocks_attestations; Type: TABLE DATA; Schema: public; Owner: beaconchain
--

COPY public.blocks_attestations (block_slot, block_index, aggregationbits, validators, custodybits, signature, slot, committeeindex, beaconblockroot, source_epoch, source_root, target_epoch, target_root) FROM stdin;
6	0	\\x1e	{11,29,53,48}	\\x	\\xb730c6807f6c2cec9b58e351332e85a2c36746fc4c50b7490c4c3ff0523a5ebd19c3e78d68313786e7c6ce4f8f676165038d63169ecc3b2e6e539bf6264e95735b9d5e3eea196712bf04bbdee49f812577873bf355f79206db14387a8db331d1	5	0	\\x11b985f521174ae22180e95ffb6652b79fc5778e47d3d074cf6118cea4814a0a	0	\\x0000000000000000000000000000000000000000000000000000000000000000	0	\\x60bd67bb5d26a22f5584d68a99fe3762eaa743c4419661353027633057530648
6	1	\\x07	{6,66,50}	\\x	\\xa222dc21898a8c3757ce7a7e54265dbf7ac9886f06ac94bd9e3fc5cde412fe3c56d6cae1b46a62fe6d5817f89c6ad9031164535a6e1ecdf31b4c5a0faca06703c6d22403f3b180cc65a0b1de1bf25742ea71a0c1213ee5b402aa6c951e6095ec	5	1	\\x11b985f521174ae22180e95ffb6652b79fc5778e47d3d074cf6118cea4814a0a	0	\\x0000000000000000000000000000000000000000000000000000000000000000	0	\\x60bd67bb5d26a22f5584d68a99fe3762eaa743c4419661353027633057530648
7	0	\\x0f	{6,66,50,43}	\\x	\\xa35fa44ce0d23b59a7ba9cce17489e7dcf3d408be8b0943ad4d45a182ae6d9b7b71bd4ed3ddf5227edd6c9a47233c72c0245b2e57390e1d1f467ab643dd960cccf86fa4b36d6a2adfc79f98eafc7b659165f1952e38c9ad581491ae2a2f250d1	5	1	\\x11b985f521174ae22180e95ffb6652b79fc5778e47d3d074cf6118cea4814a0a	0	\\x0000000000000000000000000000000000000000000000000000000000000000	0	\\x60bd67bb5d26a22f5584d68a99fe3762eaa743c4419661353027633057530648
7	1	\\x1f	{39,11,29,53,48}	\\x	\\x94476705a31929e864a79ef8609706ea5384144160afad8403efeb885ea48f6138827c7f72a49b72b26191f96ef0c93a16f04a6683a29f0a2d31cddac6e75904485d2302e53cdd198e4f89f054f4a83ffc060ca9757779c2909f4bb4facbb7a0	5	0	\\x11b985f521174ae22180e95ffb6652b79fc5778e47d3d074cf6118cea4814a0a	0	\\x0000000000000000000000000000000000000000000000000000000000000000	0	\\x60bd67bb5d26a22f5584d68a99fe3762eaa743c4419661353027633057530648
7	2	\\x1f	{38,57,42,40,63}	\\x	\\x8cf7bf7bd8eb5ec70cf34e592c4497497badfabf97ec0a0336d8841eeaba8e369d388afc3a9e75a3a47bdb16484fb75a052958a6e0afc484180540ca4f2bbe15df635b1ea43861af8620831cab67cfd5c0a4018fb79e7f5f3b0cba92d084cce2	6	1	\\xcfec89e9b822da6114b59e5e95f99b5fed8a27823a55f198accebcf266dec485	0	\\x0000000000000000000000000000000000000000000000000000000000000000	0	\\x60bd67bb5d26a22f5584d68a99fe3762eaa743c4419661353027633057530648
7	3	\\x0c	{4,62}	\\x	\\x861a547c8a0af6bf292b7abc583441420e35b4b5e697475e52e071bd1220f5d5062384ca2ebb96e87404e4e383e2bc5a0c0043cbb7cdc4056755ad8d070fd78f67657bd9f47e3fa759b135bbf5b9bc03db5fff454d42195ecd4164c0a381ba7d	6	0	\\xcfec89e9b822da6114b59e5e95f99b5fed8a27823a55f198accebcf266dec485	0	\\x0000000000000000000000000000000000000000000000000000000000000000	0	\\x60bd67bb5d26a22f5584d68a99fe3762eaa743c4419661353027633057530648
2	0	\\x1f	{23,20,51,55,41}	\\x	\\x8cb4fcc499533efbcd5564928551c7923c7b836210130544fcf61c1e5da29371be116a994f62531716fa668c00747ab816f2f96175a65462d2113241830e243cab4321a74885d251824cf638c1ec595a2b0bc6732d3afb9d040a6711fe1648f3	1	0	\\x9c93de2f5f213a5fbde66b73639486ff20e486c05e34a822e5568bdd00a648d4	0	\\x0000000000000000000000000000000000000000000000000000000000000000	0	\\x60bd67bb5d26a22f5584d68a99fe3762eaa743c4419661353027633057530648
2	1	\\x0f	{28,15,24,2}	\\x	\\xad68896c9b88d59da6590087262eba3e08a315cf844e04342fa14c66f879b53a52a1b912187562827ffbe30b8e92daa013e1145cc847a434bfe13ce292cb6c960202471e012af0dfe3c13d64609209628fa62f421f8f59044f18609d1c3fe276	1	1	\\x9c93de2f5f213a5fbde66b73639486ff20e486c05e34a822e5568bdd00a648d4	0	\\x0000000000000000000000000000000000000000000000000000000000000000	0	\\x60bd67bb5d26a22f5584d68a99fe3762eaa743c4419661353027633057530648
3	0	\\x0b	{54,58,36}	\\x	\\x8f4d9ed1e099a770a597307ce5f0b3e1a6edb2fb6c68c849383e482dc6a8e70aa4c298e0d67b55120f5697afa74c6d3a194b6fe73f4d29c1f1a692abe37f2fc2ab81d549c656f841a2456204855972a859044e649f6decf85c80986b1acf0fe7	2	1	\\x863bd1ccd9df783f736840002817638100c09c151b6cf0077bfc20c5090dfed1	0	\\x0000000000000000000000000000000000000000000000000000000000000000	0	\\x60bd67bb5d26a22f5584d68a99fe3762eaa743c4419661353027633057530648
3	1	\\x07	{17,67,68}	\\x	\\xb6b67f03c3568d281540edca141d494e50aa2124bf86a53d36560bd32336862acc3109b4f7f5f787c0475351b2532c321039986974fb1343897c0001a925a183f96ce8577f052b3ec7b88f1ce7595f52aa760fa8683136f769bbea56177c6816	2	0	\\x863bd1ccd9df783f736840002817638100c09c151b6cf0077bfc20c5090dfed1	0	\\x0000000000000000000000000000000000000000000000000000000000000000	0	\\x60bd67bb5d26a22f5584d68a99fe3762eaa743c4419661353027633057530648
4	0	\\x1f	{54,58,9,36,1}	\\x	\\xb0d28daa5fe5e54f4e8f0b449c8c1eb2f6ba29e2fcf98d04e38d829279a1ea3468628c512963767830d33507fbc88039047857a48fed490e79fc357204f3191af96779ece2a02e70f366a8b836d253b8f55fbbd5e839c5795d5dafca8b9017e2	2	1	\\x863bd1ccd9df783f736840002817638100c09c151b6cf0077bfc20c5090dfed1	0	\\x0000000000000000000000000000000000000000000000000000000000000000	0	\\x60bd67bb5d26a22f5584d68a99fe3762eaa743c4419661353027633057530648
4	1	\\x0f	{17,67,68,5}	\\x	\\x83b93e0162cf6112c5dcc345a58efb0d2eb9007363bc4596e05cf9c4cf653d408b18b5e3e5503f817e25b4a69bc4cd8d16677ff2d3dfb3fa373a6456091c3f22a148cff1602078f36f2fc7531dadea3786f1e0573f1c713622178a5aae787df2	2	0	\\x863bd1ccd9df783f736840002817638100c09c151b6cf0077bfc20c5090dfed1	0	\\x0000000000000000000000000000000000000000000000000000000000000000	0	\\x60bd67bb5d26a22f5584d68a99fe3762eaa743c4419661353027633057530648
4	2	\\x1d	{8,35,61,56}	\\x	\\xacbbb744a086f9d26d7289c0ca2551b68aafdb21b88b31f3970e49ca7a7bbe24c43ce717967896c27ffdae048b56832907f0937e8161e7c1fe6ec15ab91ffe5fed26b6721cce6d108366d0eb9b564d99feaf733ecdf62bdbac75523c24c09b42	3	1	\\x704624542277750fef6ba7af5f0545b462047e7c55112090f645ca67b924adee	0	\\x0000000000000000000000000000000000000000000000000000000000000000	0	\\x60bd67bb5d26a22f5584d68a99fe3762eaa743c4419661353027633057530648
4	3	\\x05	{60,3}	\\x	\\x907485319b628293a80bfa388058009eaf28b6591f6427bac401b1d2ce166eac746ae4887b6bc842069d0472b50588ce07199f7a35622b052a530b1ed100d32ca01ec5d3ec74970961f74a70993d7f518218eaf0a9044b94218e8dd3a200b5f5	3	0	\\x704624542277750fef6ba7af5f0545b462047e7c55112090f645ca67b924adee	0	\\x0000000000000000000000000000000000000000000000000000000000000000	0	\\x60bd67bb5d26a22f5584d68a99fe3762eaa743c4419661353027633057530648
5	0	\\x0f	{65,32,44,13}	\\x	\\x92655db422f4f686ff52d591de537bc458d2a7899ca0edd70e8c161f0eead4a61670058b81ca9eaffe8cfbb148eb1d3a0d131c45754b0605cada416644d4e32217fdecfdc2f38c37f0d2509fbd41cffed925ab26ee29bc14a2f5c1aa390e7bbc	4	1	\\xf142b246fc3e9337eb521334fb12858d5d31d9b7359218c3930791caf4b4f5af	0	\\x0000000000000000000000000000000000000000000000000000000000000000	0	\\x60bd67bb5d26a22f5584d68a99fe3762eaa743c4419661353027633057530648
5	1	\\x0f	{16,49,37,52}	\\x	\\x99134dde9382edb5dd190bd86db8733e4e269882b9522c819d11ffe785dc9c2a1b4f8ba3763e225ea7e3f4db9a9a7911145506f2f815a11454c36ed9102210563826588945b9d3310f2c4dec83afa102780229925316c946892175f31c748d71	4	0	\\xf142b246fc3e9337eb521334fb12858d5d31d9b7359218c3930791caf4b4f5af	0	\\x0000000000000000000000000000000000000000000000000000000000000000	0	\\x60bd67bb5d26a22f5584d68a99fe3762eaa743c4419661353027633057530648
5	2	\\x0f	{60,18,3,25}	\\x	\\xb3daf88b0c031e87f66b0f8f9b0828b01959117b987e03a924c3d52702bc36fda4bfc904ae08694f62b055f65397a614158281ddb52666d2bae25d19bf7e5429f98bf9c4bbb6b26ef48ee0a4063a5d17dd0ee03dd9b6ec8ac3c69a75055dfd4f	3	0	\\x704624542277750fef6ba7af5f0545b462047e7c55112090f645ca67b924adee	0	\\x0000000000000000000000000000000000000000000000000000000000000000	0	\\x60bd67bb5d26a22f5584d68a99fe3762eaa743c4419661353027633057530648
5	3	\\x1f	{8,19,35,61,56}	\\x	\\x920c6c9e1644173db7f30c127f5f0a609daa5d4136234be7072a265e218f5dc3b8638d5aef36a0f379e686cc344bac8d04b9b85ff78000fd46512202fa44eb1e616b3953a56a18fe3b4d2741b4abccc4c112c75d490534ee89ea610c9bc8910b	3	1	\\x704624542277750fef6ba7af5f0545b462047e7c55112090f645ca67b924adee	0	\\x0000000000000000000000000000000000000000000000000000000000000000	0	\\x60bd67bb5d26a22f5584d68a99fe3762eaa743c4419661353027633057530648
9	0	\\x1f	{10,69,0,34,47}	\\x	\\xb13cce6cb48749f8420dde2b4d8459ab1c7c820acbcf65a68d3db9a087c18c6de6d879e829e91cfac215215c0bd1c2500de82ed7fab1a3d59c890d89353de31d2f46b6f07e4677ed8afc27b77ba319bee6e4baad03bd10123dd9d1260206b704	7	1	\\xb9be80980132d08ce4ccfbf5cd275867fa1cc7c6673e3fb5f2350d18733ebd3c	0	\\x0000000000000000000000000000000000000000000000000000000000000000	0	\\x60bd67bb5d26a22f5584d68a99fe3762eaa743c4419661353027633057530648
9	1	\\x0f	{12,7,45,64}	\\x	\\x9300299aa69d91ffd2ed0d4d93d7b8752c9424379814282ee6dd927443246762dcead8fdadd94f9f3f565b1b11ec4af80085f98b716ef5f561d08d118dedbb54dd467908abd9c5bbf909308547bbb3f21c7f84454cda22fa747216e35c2f459c	7	0	\\xb9be80980132d08ce4ccfbf5cd275867fa1cc7c6673e3fb5f2350d18733ebd3c	0	\\x0000000000000000000000000000000000000000000000000000000000000000	0	\\x60bd67bb5d26a22f5584d68a99fe3762eaa743c4419661353027633057530648
9	2	\\x0c	{46,26}	\\x	\\xa3f9254a373627a2be1db68be8eed741abbdafd9312a8b6ddf74e0253f84da3e5c986b35e9b5a2e2c2e9e8fcd447230510f7809e1c11227651fbd7a08292f82a8f2fe3f564f4235e014908cb6adf67db2a991d87677f639abb575acc45769549	8	1	\\x8439dd357d78814ff5a6f847df21c3b274d16c6f015d8d8847ba8f709a32a9a1	0	\\x0000000000000000000000000000000000000000000000000000000000000000	1	\\x8439dd357d78814ff5a6f847df21c3b274d16c6f015d8d8847ba8f709a32a9a1
9	3	\\x0e	{64,69,47}	\\x	\\x96c5c08d9313e805558a8557c81a24664785045fceabaa09a57c135b2452c1d229158caac688e63bc64eca2de9095752072caf980b0cf71e37a22471e1335e571517e91a9720b974ab72d421399bad3128ba951bd9a4244d5d98b5a1eb6f265e	8	0	\\x8439dd357d78814ff5a6f847df21c3b274d16c6f015d8d8847ba8f709a32a9a1	0	\\x0000000000000000000000000000000000000000000000000000000000000000	1	\\x8439dd357d78814ff5a6f847df21c3b274d16c6f015d8d8847ba8f709a32a9a1
10	0	\\x0a	{48,5}	\\x	\\x8a5c94eb5647931a552e999bc1beb5154c98235dbb36e0d18f94ba1f7521506a5870040e69c96de4706fd5f033db5bd1179a281455da59f1f6adf003711381e005f61084c4961363f1a2cf5e0983f73eaa58c4a024ca78c46fa9cddcb25219ea	9	1	\\x37650713e430c9c69fef734600c8fd8eb7ab470d5218e981634434289b2ac12f	0	\\x0000000000000000000000000000000000000000000000000000000000000000	1	\\x8439dd357d78814ff5a6f847df21c3b274d16c6f015d8d8847ba8f709a32a9a1
10	1	\\x0f	{11,8,46,26}	\\x	\\x832bd1edc1bf0e47f164d250f2a966d9ae7aab1476be62670d1381d1eec612ce3176ceed4ab356710888d4efede7e138177998f6ebc9e7aa6f88e5a88a50f21d4e630440f049306e71fda7c109c776d225979458a47e2ddeff45f8e33504b98f	8	1	\\x8439dd357d78814ff5a6f847df21c3b274d16c6f015d8d8847ba8f709a32a9a1	0	\\x0000000000000000000000000000000000000000000000000000000000000000	1	\\x8439dd357d78814ff5a6f847df21c3b274d16c6f015d8d8847ba8f709a32a9a1
10	2	\\x0f	{1,64,69,47}	\\x	\\xa0a8ba43a4967a059980b46e9a7a0d6ed600ddb1a7ad28b65d1ac9bdf16012ab921b273c1f7dcb94e4274b7a2c4eed1d074684582fa8b5b9f579b7eaff9b44be9ec0471e89114b65ede0d0404adb3fd5497bc36b14a981236c8cffe6d1584716	8	0	\\x8439dd357d78814ff5a6f847df21c3b274d16c6f015d8d8847ba8f709a32a9a1	0	\\x0000000000000000000000000000000000000000000000000000000000000000	1	\\x8439dd357d78814ff5a6f847df21c3b274d16c6f015d8d8847ba8f709a32a9a1
10	3	\\x1e	{21,54,12,14}	\\x	\\x952ae20297de87381b6393f79297973a82289b9377692972b32f4e105455b15b6521e287a93456cb894189262084fa0904132160e67950bb5373c57c33e58d8a1f29af6f5e2d2753cc55ed94862f3217a133af39dc7d70b299425a84b30852c0	9	0	\\x37650713e430c9c69fef734600c8fd8eb7ab470d5218e981634434289b2ac12f	0	\\x0000000000000000000000000000000000000000000000000000000000000000	1	\\x8439dd357d78814ff5a6f847df21c3b274d16c6f015d8d8847ba8f709a32a9a1
11	0	\\x1f	{40,21,54,12,14}	\\x	\\x81b41d37bb8861bde6dd918761499904144c1f6ec728be9d0434651624e0bf8875513378d9a6e808cb16a77287ce026e0e0175804290737ac728e1207e1ca6cf88939061658013998345c2122af2860f860196682c0f1296995ade8ce256f09d	9	0	\\x37650713e430c9c69fef734600c8fd8eb7ab470d5218e981634434289b2ac12f	0	\\x0000000000000000000000000000000000000000000000000000000000000000	1	\\x8439dd357d78814ff5a6f847df21c3b274d16c6f015d8d8847ba8f709a32a9a1
11	1	\\x0f	{43,48,45,5}	\\x	\\x8ba890a9ec28ccb314838df163b9d3a1f1cbef4dd5ea4b048383c74a309b440f905dee4c1edbf79abeb841da1c72a5490f2a8c49441d7aaaf95ce66708345072ebc6e81abb5787eb39206a32738b6ecd3ee35d1fbb175d2e31114217b1e6264c	9	1	\\x37650713e430c9c69fef734600c8fd8eb7ab470d5218e981634434289b2ac12f	0	\\x0000000000000000000000000000000000000000000000000000000000000000	1	\\x8439dd357d78814ff5a6f847df21c3b274d16c6f015d8d8847ba8f709a32a9a1
11	2	\\x1f	{0,57,55,18,27}	\\x	\\x8326e178c1a1e8d6bcefab67f0fb7b0b1f8f0093ac23c4f59f2414d12bfc8801b8f05e10c625b06415352b8b31dce2e6074d6fc89d611ac88d36a05e4fd269b09b145e55dd69469ec6f4951405abddc2770b74d8a2acf1c6dc4b3d7d607c11ec	10	1	\\xd8165abb9858ef51bc08540b7b6171fd563c6acd975a9fb997ede5bea902489c	0	\\x0000000000000000000000000000000000000000000000000000000000000000	1	\\x8439dd357d78814ff5a6f847df21c3b274d16c6f015d8d8847ba8f709a32a9a1
11	3	\\x07	{24,3,22}	\\x	\\xa924bcffd1b70c203a4578881e1655d913e9781cf4f37aa91b80c2ad5a641a916c31486e1ddd8d879e19c4b0f3a1a59103c6eb316495f0edc4d14298bc0dcf1f5ec5652a7e2d5ffc5f74de651bf436637c3d89ae645bacfba68bd6cd6efa603c	10	0	\\xd8165abb9858ef51bc08540b7b6171fd563c6acd975a9fb997ede5bea902489c	0	\\x0000000000000000000000000000000000000000000000000000000000000000	1	\\x8439dd357d78814ff5a6f847df21c3b274d16c6f015d8d8847ba8f709a32a9a1
12	0	\\x0f	{24,3,22,36}	\\x	\\xa24c9ebd101599ff39e796e67804e1a2a736f08f3daff76e2319e59809cf48ad7ef374d93e2dd9d3ff3b5c8f2496c2ed0c139226bc706d749f89adae27a56549254be315aeff40871baeffb73b46f2df676f7e7d49b8cc1b1e46b5d223d0d19f	10	0	\\xd8165abb9858ef51bc08540b7b6171fd563c6acd975a9fb997ede5bea902489c	0	\\x0000000000000000000000000000000000000000000000000000000000000000	1	\\x8439dd357d78814ff5a6f847df21c3b274d16c6f015d8d8847ba8f709a32a9a1
12	1	\\x0f	{16,67,33,15}	\\x	\\x9820443f8dbdeae4cf4348b33d99a14eb1caaac03fedec746ed548312fe60409ba2c2b1b3d4e2c342664d805e3a83cf314facafb322a2f1e66f99d5302aa3d1acb8e7259fdcab557fde96172ec49bd45a10fe94457a19580e182dbcbd8ded2bd	11	0	\\xb7a391d5ca3b72906f51cc513a4c45d9545a2dc261314c59b2ca169ffd0a1a42	0	\\x0000000000000000000000000000000000000000000000000000000000000000	1	\\x8439dd357d78814ff5a6f847df21c3b274d16c6f015d8d8847ba8f709a32a9a1
12	2	\\x1f	{13,39,68,37,6}	\\x	\\x82ebf71b9d6b3635a7ceec43f371dac8db08debce25a40e8ea2ab98e6b3f18c088932bcf00c1e6dcf8c66b8fac39dd3300c55a1881686fe429269b2b4ff30bd91ea084cd11a21fc51b50d498f5eccd338ba570c99060f1af8f6d9de1f076474e	11	1	\\xb7a391d5ca3b72906f51cc513a4c45d9545a2dc261314c59b2ca169ffd0a1a42	0	\\x0000000000000000000000000000000000000000000000000000000000000000	1	\\x8439dd357d78814ff5a6f847df21c3b274d16c6f015d8d8847ba8f709a32a9a1
13	0	\\x0e	{52,19,30}	\\x	\\xaee73e4018be1ffeb65eaad7d8ce3ab8b8c18100bd16078415b64764ad1d50482bbb03ea836132c49de9a6aa4dc2c34a0de61ce4eeae094102ca4437ab71124e3cc2312db6801053b969076639adce94846bb8bdbeb536995e3dc4a0a53c1b1e	12	1	\\xb520d1b22bddf2ad5a0271095985b7f66d171b5adb2254257b80dabdba900b8e	0	\\x0000000000000000000000000000000000000000000000000000000000000000	1	\\x8439dd357d78814ff5a6f847df21c3b274d16c6f015d8d8847ba8f709a32a9a1
13	1	\\x0f	{51,60,62,23}	\\x	\\xb98612e43ab820aa0471338f410f942e539cf02c70557caadc5d64b82489141d52fa3f8deed5e50b6c6bb4f7fc6969b50f496d3cf5bf67997e27e24bbc2058f926f17857092de924ac684ea6be23d6c49b8f82ba43e46aadc14deb2933ca34bf	12	0	\\xb520d1b22bddf2ad5a0271095985b7f66d171b5adb2254257b80dabdba900b8e	0	\\x0000000000000000000000000000000000000000000000000000000000000000	1	\\x8439dd357d78814ff5a6f847df21c3b274d16c6f015d8d8847ba8f709a32a9a1
14	0	\\x1d	{20,41,38,50}	\\x	\\x8b68db58067a5935d1b1cf474b523b345d76be3e8051ec27dea674863f1c71b294ea31cec4a7646c4db4c7646c3422bc07914ff615c2b052fb11424da6a35336afd3e6a779512bed09fd35d14de93aa9ca02c3c1fc0109f03b186cd687df10f3	13	0	\\xed229c90f188313d71d928f8053b527f4a92ef8c32f355fe0d79f3d41c1c21d1	0	\\x0000000000000000000000000000000000000000000000000000000000000000	1	\\x8439dd357d78814ff5a6f847df21c3b274d16c6f015d8d8847ba8f709a32a9a1
14	1	\\x0e	{61,25,65}	\\x	\\xaf600f9c84a221b8b34ab609d0fa93a2118333facb87a25c3189603698e4d9fb00027b0a26570d8fe69c1c98a4ca5f80134353e109af2a21fc3619b2209509c0054461c864ae5f5b3526c8fa3d69c1fd325f328e54d066bf55ceca0131ce3a76	13	1	\\xed229c90f188313d71d928f8053b527f4a92ef8c32f355fe0d79f3d41c1c21d1	0	\\x0000000000000000000000000000000000000000000000000000000000000000	1	\\x8439dd357d78814ff5a6f847df21c3b274d16c6f015d8d8847ba8f709a32a9a1
14	2	\\x0f	{66,52,19,30}	\\x	\\x8860b29b89d3c6c43fce580838164140301a93484fcbd14c55e156fa4c533532a969e4f5c1b732833a4cd17369b33caa07f7c4038c3f4e853e2007df5907d8c0d87b721889ad4ec4514536c41be26e271588e84a0d70c55ce7a23c9fb9a36c39	12	1	\\xb520d1b22bddf2ad5a0271095985b7f66d171b5adb2254257b80dabdba900b8e	0	\\x0000000000000000000000000000000000000000000000000000000000000000	1	\\x8439dd357d78814ff5a6f847df21c3b274d16c6f015d8d8847ba8f709a32a9a1
15	0	\\x0f	{2,61,25,65}	\\x	\\x930a4c1845e4669a091934c45c7596ebc4207a2d30cbda7372809af3d4ed73dca134483e0153f6dd7dc61b1ceb2f61b219573b9de1a6ca97fbb69f08391dccbde3a5f8309481b748bef828f42cc3fe99acc4f0bc55726db2c55e6934a4022b36	13	1	\\xed229c90f188313d71d928f8053b527f4a92ef8c32f355fe0d79f3d41c1c21d1	0	\\x0000000000000000000000000000000000000000000000000000000000000000	1	\\x8439dd357d78814ff5a6f847df21c3b274d16c6f015d8d8847ba8f709a32a9a1
15	1	\\x0e	{29,63,53}	\\x	\\xab7a02a42c6f19b9d8658600859c13dba2349b77555365915987c48fc7d9895608caf4da9baf79bbe7ca4fc3019e7d7b19199a87a13957d4cf9b38f2a60f9c5d4b5038b4087b1b65b946f239145ad71c6bc3b90c5a6032264444821ede11e151	14	0	\\x8c952dac331ba3f8b9c391da3935b6b4d08d05117699fedbe4d492d65590714b	0	\\x0000000000000000000000000000000000000000000000000000000000000000	1	\\x8439dd357d78814ff5a6f847df21c3b274d16c6f015d8d8847ba8f709a32a9a1
15	2	\\x1f	{17,49,34,35,42}	\\x	\\xa4aaec6f0699509906d9468f71908b0b10afd1d0db4002b5e73df81d6c80c117b45f51bbc66c816cec128336aa247fed0d70dab67e22646976ce247673b768e0ee684e9256bd9ad58f5ac873d38aed3ae64e31bb1fd52cb16fa10dfae1d571b1	14	1	\\x8c952dac331ba3f8b9c391da3935b6b4d08d05117699fedbe4d492d65590714b	0	\\x0000000000000000000000000000000000000000000000000000000000000000	1	\\x8439dd357d78814ff5a6f847df21c3b274d16c6f015d8d8847ba8f709a32a9a1
15	3	\\x1f	{20,7,41,38,50}	\\x	\\x893dab326c632efbd2923fcd125e0a6cab3f015a9a2be5b4b0e2b65c3abc7f7e72fb2314edf3e76f64a297733e0110e118e2758e57a3ca3b721629809c9bc0803033be8cf5e529986f081ad96310d8eecd8043c5abe11633cda51d56442569b0	13	0	\\xed229c90f188313d71d928f8053b527f4a92ef8c32f355fe0d79f3d41c1c21d1	0	\\x0000000000000000000000000000000000000000000000000000000000000000	1	\\x8439dd357d78814ff5a6f847df21c3b274d16c6f015d8d8847ba8f709a32a9a1
8	0	\\x0f	{30,22,4,62}	\\x	\\x843be82815bf95c5e83c8cee9e46819bf93dd71a5d7cbe417aaeb9cb45374acb87c73a1f8e727414481b0bd553083f911651714e172237746a50cc8ca8ac7c04d4f71e4a89762d857089dab21e02565b7a31214d240c7949ad3d869b79e9025c	6	0	\\xcfec89e9b822da6114b59e5e95f99b5fed8a27823a55f198accebcf266dec485	0	\\x0000000000000000000000000000000000000000000000000000000000000000	0	\\x60bd67bb5d26a22f5584d68a99fe3762eaa743c4419661353027633057530648
8	1	\\x1a	{69,34,47}	\\x	\\x83079107b6f5fd8967dca5137f483478a59eac92e002e11ff4840350c76ddee5f02cd5b7926c43d496f6ffb72507385513d84309b2732823ff05a3cee7983a51780e4bbb4bf12811d073c6c562a6ae454064691af05bf9118dc9c84ea8e76cd4	7	1	\\xb9be80980132d08ce4ccfbf5cd275867fa1cc7c6673e3fb5f2350d18733ebd3c	0	\\x0000000000000000000000000000000000000000000000000000000000000000	0	\\x60bd67bb5d26a22f5584d68a99fe3762eaa743c4419661353027633057530648
8	2	\\x0c	{45,64}	\\x	\\x8e0847ed1a375e757726ff3d88587220d5d66e398f55d42f5874704f050d66be21aa7b56dd87f920bad8a7bb5fdcc6790346e1361586bcce73a437c5564115fddb14ad4bdfa717c1ff83b3717ff0c6170a0b62e40efd737b6f85f841541be1ec	7	0	\\xb9be80980132d08ce4ccfbf5cd275867fa1cc7c6673e3fb5f2350d18733ebd3c	0	\\x0000000000000000000000000000000000000000000000000000000000000000	0	\\x60bd67bb5d26a22f5584d68a99fe3762eaa743c4419661353027633057530648
19	0	\\x1f	{9,32,29,47,60}	\\x	\\xb569d6fb2c79d13dd463ca11791cae5d413132c556a953ccb10499a1bb5d0d90ffc831c78535137fa81cf2946b3ce774036975295167dec417d42297aa355b0b0e71c1a743e4f0ec9f75a516c148d3a862a82ba3a31ad6bc886be1c58b17cd80	17	0	\\x810cfd2f182281d54df82456bc7f17ef08a77e850c54bd9db66e9a6b57c72946	0	\\x0000000000000000000000000000000000000000000000000000000000000000	2	\\x36ee361550cbb2e84699b935b9a1d494f05f87870886c3f5dc43fa5081e6b92b
19	1	\\x0f	{45,24,15,50}	\\x	\\xa993ad272819f30959f0f03d24a2f2a75a9b98a18bfb2b17fb51662c5e3cd2130acdc2eda1715576989e8f59c389898e02006d84102c992971f138ce1c17c5eab01274ca9112945dd41c18426484e348615318b13796865dc505af62bd5821ba	17	1	\\x810cfd2f182281d54df82456bc7f17ef08a77e850c54bd9db66e9a6b57c72946	0	\\x0000000000000000000000000000000000000000000000000000000000000000	2	\\x36ee361550cbb2e84699b935b9a1d494f05f87870886c3f5dc43fa5081e6b92b
19	2	\\x1f	{26,35,10,54,51}	\\x	\\x82a8bc8fedfa44444e4101dff5a70900f8406bb2addbc5bff782119b343e42425e7009331547bb4d01eb6f0272fe56210918683f3af5fadf0c6c70e73e57d214829e362340941b1a50c3bac7b5153d3ad61fcba8f8b3fc621fb55f70c033c0dd	18	1	\\x4281196d0d08e088eeeda00918a16011f9afb3ecb83030dbd19b772e335a3adb	0	\\x0000000000000000000000000000000000000000000000000000000000000000	2	\\x36ee361550cbb2e84699b935b9a1d494f05f87870886c3f5dc43fa5081e6b92b
19	3	\\x0f	{62,57,53,12}	\\x	\\xa7c50c0ceb971959991f581887fd42485b04de664d2168fad81404adb6bb4996b930079db133e8a3f18886b630ac52121797369bbd8f7def06c01458ff714a99ea82b7bacbabcbc4ad8b449fb7742a9dce3619e0afe2fcbf284ca26541ca1164	18	0	\\x4281196d0d08e088eeeda00918a16011f9afb3ecb83030dbd19b772e335a3adb	0	\\x0000000000000000000000000000000000000000000000000000000000000000	2	\\x36ee361550cbb2e84699b935b9a1d494f05f87870886c3f5dc43fa5081e6b92b
20	0	\\x1f	{11,41,0,8,16}	\\x	\\xb456453b9379366ccd0f9a64a3be7500758b9df0ad06cd4381a880689f5b40c31b91c94c788eb7f8b0d9e45c011cbb9b06bba0fa955d9f8133e12dc4a649af17dddf1aa42efbef16cda0110272ae2eda241dcc1d02087984c7a81309451d1647	19	1	\\x80d54750f0610e4067f03df7ff7c4a72ba27223cb27df1cd292d5ac2a7c1fc59	0	\\x0000000000000000000000000000000000000000000000000000000000000000	2	\\x36ee361550cbb2e84699b935b9a1d494f05f87870886c3f5dc43fa5081e6b92b
20	1	\\x0f	{36,14,22,48}	\\x	\\xb9eba8946d95c29a015c89413dce50a3b395430d0e5554a95e53ff3a4099c7f7cc5eb84f37c22ef8b3a5d41afb3b68c50c65c5bbe29f383fe00d29244a193585c1cd7572bbac51b5cb15b56673241edb890bf58e6a8ed433a6137b5d6421d470	19	0	\\x80d54750f0610e4067f03df7ff7c4a72ba27223cb27df1cd292d5ac2a7c1fc59	0	\\x0000000000000000000000000000000000000000000000000000000000000000	2	\\x36ee361550cbb2e84699b935b9a1d494f05f87870886c3f5dc43fa5081e6b92b
21	0	\\x0a	{4,67}	\\x	\\x880812ce54a1abd50417ece7caca7ee22a68a10dc87200f879225a02ff5e5184d1b0597287dd1ae41454ebb8d9a464f80039e44c65f1cac154bba60087769e5a8c5affbd047ade40bca65b349428535bc8463b6f2229ebf7d969941057ed5ce8	20	1	\\xf8a4fe1c450d7b0b350e3cfd7e31a3637c5bf3d3b8bd0d8c830daf5260ab9356	0	\\x0000000000000000000000000000000000000000000000000000000000000000	2	\\x36ee361550cbb2e84699b935b9a1d494f05f87870886c3f5dc43fa5081e6b92b
21	1	\\x08	{33}	\\x	\\xb1cdf1c9b699cc1febcbb85743309eac6c60ea857ed61e3ef4de1b92c8d7df289d4f9dad4aabf2a547a34f66c2eec10d0120611fdd4a9dc59ddb587c64cb5091ef3f5020a99e1fc653b4d594c785a7d3ba9077778edcbeba44f3cf967a402001	20	0	\\xf8a4fe1c450d7b0b350e3cfd7e31a3637c5bf3d3b8bd0d8c830daf5260ab9356	0	\\x0000000000000000000000000000000000000000000000000000000000000000	2	\\x36ee361550cbb2e84699b935b9a1d494f05f87870886c3f5dc43fa5081e6b92b
22	0	\\x0f	{23,4,21,67}	\\x	\\x95967fa70e3d399317866dfc839db395ac59b383837b3e1ceeaed805cd7a30375dfab6b36b46d042b3bca0f0b612d00d135e6de643a793f499b417c7b68c04535504581442142acb510eaa5eab0f2786dca9b6a37442457ecc35a9886d33c63a	20	1	\\xf8a4fe1c450d7b0b350e3cfd7e31a3637c5bf3d3b8bd0d8c830daf5260ab9356	0	\\x0000000000000000000000000000000000000000000000000000000000000000	2	\\x36ee361550cbb2e84699b935b9a1d494f05f87870886c3f5dc43fa5081e6b92b
22	1	\\x0f	{19,31,30,33}	\\x	\\x8cf5fab4d407d4e78100f636a6588bc5feef1b7f4fc2fbbb48e41c9f20a7679b78a5d28207a6c9c9183258ca4790bc3a0beaa614114293cf552831016878d82929424b270f88bfc5bdbc3efac63cc5d21a6860227a92bd273e1503a883043fa1	20	0	\\xf8a4fe1c450d7b0b350e3cfd7e31a3637c5bf3d3b8bd0d8c830daf5260ab9356	0	\\x0000000000000000000000000000000000000000000000000000000000000000	2	\\x36ee361550cbb2e84699b935b9a1d494f05f87870886c3f5dc43fa5081e6b92b
22	2	\\x0f	{6,2,17,40}	\\x	\\xb2a79142ac3366b355d6937f33c1afe76e6968091e1e8016ed842395fbcd2f02938018245c944f6eae13ef61f4e6f7f0172177c5173f993832d0a3ed9865713002fd66a38b07c9d029d74419530241ed9131fb2c6aa8bd85f574e9989060776d	21	1	\\xe18978712fd80e07987c0250a0655c2129aa8c80ef49fcaf71531b7cdb37f4a3	0	\\x0000000000000000000000000000000000000000000000000000000000000000	2	\\x36ee361550cbb2e84699b935b9a1d494f05f87870886c3f5dc43fa5081e6b92b
22	3	\\x1d	{61,7,58,46}	\\x	\\xa8ef899dd5dcc253a38edfff51e7a74553a5ad213c4d276e2dfd5dbc963b563b305c251f721663720abfccb281c7e0bc02bfb953246f170e2554e1c18ff2f796a6d435abbba18a17cb675cbaac3716ee729ae3804df39d0a7e6bd35fd2dc5245	21	0	\\xe18978712fd80e07987c0250a0655c2129aa8c80ef49fcaf71531b7cdb37f4a3	0	\\x0000000000000000000000000000000000000000000000000000000000000000	2	\\x36ee361550cbb2e84699b935b9a1d494f05f87870886c3f5dc43fa5081e6b92b
23	0	\\x19	{66,1,38}	\\x	\\xb5e57d9d47bfb1c2b609b1185a6a21c387c50b32386419b927a50276a52adda132499b8ed27f41126ed71534fde3b9a91531a86e1e4c985b5c455e121666f2823d44aee99c07acef869b911bbcb25f0702182791cddbbd5128b30412a49bc254	22	1	\\x0567abc3e4d51e580cac41a06f9bfcc1fa5df59f4fc32066fec6ff92ac87dda4	0	\\x0000000000000000000000000000000000000000000000000000000000000000	2	\\x36ee361550cbb2e84699b935b9a1d494f05f87870886c3f5dc43fa5081e6b92b
23	1	\\x05	{37,42}	\\x	\\xa9793cf40b999b926c85c0035c99b20483598bcd337e670215e2f17e341b79e6f10e1574347537a4e16f6113be5ff3fb0f12c8205c907e6710d09117474227a3c345ac1c032b0656288c962643c4c440812c00ea29983a7dca977e938ebf8a22	22	0	\\x0567abc3e4d51e580cac41a06f9bfcc1fa5df59f4fc32066fec6ff92ac87dda4	0	\\x0000000000000000000000000000000000000000000000000000000000000000	2	\\x36ee361550cbb2e84699b935b9a1d494f05f87870886c3f5dc43fa5081e6b92b
23	2	\\x1f	{61,65,7,58,46}	\\x	\\xa0b519aab71b8fd6a8ecfc63c353b208ca1a9e3c796abf9beafb4005b82d6cdbec1ea446793e2fa8bb51f6b40ae3d2150f4e9d826bff2a4a03fbc930521b95c3d5db273c56e44bc660e0fa0b4fc695e96f7dfc744a8233b8e77624829a2677b3	21	0	\\xe18978712fd80e07987c0250a0655c2129aa8c80ef49fcaf71531b7cdb37f4a3	0	\\x0000000000000000000000000000000000000000000000000000000000000000	2	\\x36ee361550cbb2e84699b935b9a1d494f05f87870886c3f5dc43fa5081e6b92b
16	0	\\x1f	{31,10,28,32,44}	\\x	\\x9374409df045c835c21ce1b9626828f4da40fb910b468473b0d225958cea3e0287db1c2491f975d56dea1a0ae792ae480fe9c9f34057fc6c94695c7612ffa3ff4e7fd7ee8c882ecb68a18ee6ee6abac0ca3e2f7b927dc029a0b78f39c368c914	15	1	\\x342d6097b2cb1e1ed4e275dba22359aea1f00b5329ead126f60bba9f4270b2e4	0	\\x0000000000000000000000000000000000000000000000000000000000000000	1	\\x8439dd357d78814ff5a6f847df21c3b274d16c6f015d8d8847ba8f709a32a9a1
16	1	\\x0f	{58,9,59,56}	\\x	\\x8964f703cd00a16e63c98b8d1b8831cbead51485e219a7b799b54ad7b831dc98281450ccb3687c4361c8c1fcb1abe7821374dfc5e8c22f3fc639f88acde53ccfad412a0429177ada6843ff85874a52b3d981f77d299d10d58f4fcb0e74eabaef	15	0	\\x342d6097b2cb1e1ed4e275dba22359aea1f00b5329ead126f60bba9f4270b2e4	0	\\x0000000000000000000000000000000000000000000000000000000000000000	1	\\x8439dd357d78814ff5a6f847df21c3b274d16c6f015d8d8847ba8f709a32a9a1
16	2	\\x0f	{4,29,63,53}	\\x	\\xb71bb243d571e6d64e74f55b1e11fe2a6c257ed96f3f7c3e8154da9689f1adb960e1a39da7112e38b0d866c0e4c1218b14770744450813eaebc3454b5be38c3a2f85de6b751bf7018a0ea0474d07b63f2e53f92e527baab6d87be72f764bcc25	14	0	\\x8c952dac331ba3f8b9c391da3935b6b4d08d05117699fedbe4d492d65590714b	0	\\x0000000000000000000000000000000000000000000000000000000000000000	1	\\x8439dd357d78814ff5a6f847df21c3b274d16c6f015d8d8847ba8f709a32a9a1
17	0	\\x0f	{69,59,44,63}	\\x	\\xa88491993d061665ed2cb8bd0a881a895886b5b7c8cc0f4c9dd8c97e6bf80d1ed1ff56bafcf35aa5a6b411ad108232dc12aa9df849094eb4bf3c0b2d8b60cff2800682ad98fce38d6d152520330ae949441ec2a957d35cf59371cf78fafee55b	16	1	\\x36ee361550cbb2e84699b935b9a1d494f05f87870886c3f5dc43fa5081e6b92b	0	\\x0000000000000000000000000000000000000000000000000000000000000000	2	\\x36ee361550cbb2e84699b935b9a1d494f05f87870886c3f5dc43fa5081e6b92b
17	1	\\x07	{56,52,64}	\\x	\\x8a8f507ac211568d2dc0a2b9955d1c46086ff58f9baeb613c3a6deb201214d0c82d2a0f26a2d758f054daa772de3047007839d1d2b8016a33ef294b29a0558f6544d95144f085447791f6640a704f32da30f87def1a8e167f8ac65fa64012130	16	0	\\x36ee361550cbb2e84699b935b9a1d494f05f87870886c3f5dc43fa5081e6b92b	0	\\x0000000000000000000000000000000000000000000000000000000000000000	2	\\x36ee361550cbb2e84699b935b9a1d494f05f87870886c3f5dc43fa5081e6b92b
18	0	\\x0f	{56,52,64,5}	\\x	\\x9036179e278b1bbc0338304173308c9e62407ce6d69f63b29c534c2449af9f83f2417f00fa04b625af010d3d5d62d8a1087f8f9f80a954576c64729d8227295fea58742a1eab4f3da963ea51364a92de4c2818513e8de04d2eacc917b5773e21	16	0	\\x36ee361550cbb2e84699b935b9a1d494f05f87870886c3f5dc43fa5081e6b92b	0	\\x0000000000000000000000000000000000000000000000000000000000000000	2	\\x36ee361550cbb2e84699b935b9a1d494f05f87870886c3f5dc43fa5081e6b92b
18	1	\\x15	{9,29,60}	\\x	\\x81e5398db3f58ceabf52b3ab5f90c23e3c2fb72fc29f25788b828931fa92f665dc50594f5a6bda481cd46c9ee3bbcbec065f787dbbad7f793d572f8fbc77c13449ee27d1d3575f1559a470abc76af8dc46d74a607e99f8df3513bbf8dbb89db0	17	0	\\x810cfd2f182281d54df82456bc7f17ef08a77e850c54bd9db66e9a6b57c72946	0	\\x0000000000000000000000000000000000000000000000000000000000000000	2	\\x36ee361550cbb2e84699b935b9a1d494f05f87870886c3f5dc43fa5081e6b92b
18	2	\\x0e	{24,15,50}	\\x	\\x8c557a2d94f3bbe27f36129591edf316b41c975272abd8f5866058bba70e1b55fdec9ffefd8313eaa7e99ac418ec94aa044fd34b818a06f5cd5812eec3b0fb2ab3168e4b14c3c844cf662f190013abe31a54d783f40c328030e6f74e54b5b241	17	1	\\x810cfd2f182281d54df82456bc7f17ef08a77e850c54bd9db66e9a6b57c72946	0	\\x0000000000000000000000000000000000000000000000000000000000000000	2	\\x36ee361550cbb2e84699b935b9a1d494f05f87870886c3f5dc43fa5081e6b92b
32	0	\\x1f	{56,40,58,47,16}	\\x	\\xaf20828f9d2105018c4c9239b8f2b7b0c153bc9e6ac04decd870b95b6a476c4838558c104dc73e3ff4c6da028fe59c1313fafeb47dadf93ef684031bceecc220137c745afb1424971daac77d8767dbef1dc3ae92c31d9661b7c17419c71e0c80	29	0	\\x57f2790715e1dd279f26ef6a4d5c491805c945ade574c4bd71468b5e597805d2	2	\\x36ee361550cbb2e84699b935b9a1d494f05f87870886c3f5dc43fa5081e6b92b	3	\\x57f2790715e1dd279f26ef6a4d5c491805c945ade574c4bd71468b5e597805d2
32	1	\\x0f	{36,17,52,26}	\\x	\\x80acbf63da51efbf2207accf4fa56008a8faca266f64a5b405db5c95b068a6f92e03724630affa821eb3f0e9f9af5db506235b858362c90b95ca9586f99c49d468a281924db7b733b70f0f6916bb324abfd20499b7ea70c6497c8f2b519a639c	31	0	\\x57f2790715e1dd279f26ef6a4d5c491805c945ade574c4bd71468b5e597805d2	2	\\x36ee361550cbb2e84699b935b9a1d494f05f87870886c3f5dc43fa5081e6b92b	3	\\x57f2790715e1dd279f26ef6a4d5c491805c945ade574c4bd71468b5e597805d2
32	2	\\x0f	{46,25,22,3}	\\x	\\x86d2032b74dcfb07dc1eecfbdf91899ffb86e33d1b96eb0c5eb1167a9de62a05a52b56494dd928310583f8e87589603105a4d157c3a26f1a1f29a00528cc34ed6bb6f99b0e87e3e261383b7c3af61de3abc0a135e450e81045d0d07d7a873aad	25	1	\\x57f2790715e1dd279f26ef6a4d5c491805c945ade574c4bd71468b5e597805d2	2	\\x36ee361550cbb2e84699b935b9a1d494f05f87870886c3f5dc43fa5081e6b92b	3	\\x57f2790715e1dd279f26ef6a4d5c491805c945ade574c4bd71468b5e597805d2
32	3	\\x0f	{31,62,44,49}	\\x	\\x8267857a67372ef336318549629ce3e27cbb3e314a8abc79bb926da9e610fda64bde551bcb44c2aac9a9e9b6237fcc0f0c59dc9b7759b91d53e94367ffa6c50a8be3d4429396ea44b24eac02a2013cd760705ec5a933ce211586c8a19194c48c	26	0	\\x57f2790715e1dd279f26ef6a4d5c491805c945ade574c4bd71468b5e597805d2	2	\\x36ee361550cbb2e84699b935b9a1d494f05f87870886c3f5dc43fa5081e6b92b	3	\\x57f2790715e1dd279f26ef6a4d5c491805c945ade574c4bd71468b5e597805d2
32	4	\\x0f	{64,68,20,1}	\\x	\\xa597e895d8ddaf46a0002fa14aae75e1d72b25713b33c6a67b4ed6fa1645bffb953fddd629d75e0e7f82fe91647d20ee068da0a9d26350706ee9ce0e430be601a5978cee3ad8ada2f8509055ccea8daeefa1997fc755329e2256070ce258f2e4	27	0	\\x57f2790715e1dd279f26ef6a4d5c491805c945ade574c4bd71468b5e597805d2	2	\\x36ee361550cbb2e84699b935b9a1d494f05f87870886c3f5dc43fa5081e6b92b	3	\\x57f2790715e1dd279f26ef6a4d5c491805c945ade574c4bd71468b5e597805d2
32	5	\\x1f	{65,39,9,51,2}	\\x	\\x867835500e902e51b8b3e4180a1745472ad718b4df136b492a1ad4028af02204b896ee90c3da977a0b1f10c756f7d8fb031a6df5040d94f1409721bb4575d588cc6e4d4554fc3fe979d49ebb0bab7d88c945d32e3e4e927cf76099bdbd3d4b5a	27	1	\\x57f2790715e1dd279f26ef6a4d5c491805c945ade574c4bd71468b5e597805d2	2	\\x36ee361550cbb2e84699b935b9a1d494f05f87870886c3f5dc43fa5081e6b92b	3	\\x57f2790715e1dd279f26ef6a4d5c491805c945ade574c4bd71468b5e597805d2
32	6	\\x0f	{8,66,38,10}	\\x	\\x8d8730b7e7f4dc4190aab3858eaaf0513acec2c96723ebbaba7ea204af904f926d3e2c3d6fd73f6e24f2078ce075e58d193b4526e8e5b9703c68bff5772168e24e74a633d17ca5f3dbb2ab64ccbbdb99f3552892e2968268d0bd08e097374ed0	28	1	\\x57f2790715e1dd279f26ef6a4d5c491805c945ade574c4bd71468b5e597805d2	2	\\x36ee361550cbb2e84699b935b9a1d494f05f87870886c3f5dc43fa5081e6b92b	3	\\x57f2790715e1dd279f26ef6a4d5c491805c945ade574c4bd71468b5e597805d2
32	7	\\x1f	{27,18,32,69,37}	\\x	\\x894bb5360db31432850f556fd99fb01d180d34d71ffb674f109cc0f6445f0337001c93c7c5af053f7c3e52913b42cefd142a57370095ce68e37caa05ad95f1cf9959970b354828c6b5b50a5c08afeb4722a2378d1b974e94c045ce22fa1843bc	31	1	\\x57f2790715e1dd279f26ef6a4d5c491805c945ade574c4bd71468b5e597805d2	2	\\x36ee361550cbb2e84699b935b9a1d494f05f87870886c3f5dc43fa5081e6b92b	3	\\x57f2790715e1dd279f26ef6a4d5c491805c945ade574c4bd71468b5e597805d2
32	8	\\x0f	{11,6,60,33}	\\x	\\xa8b3413ce451b949b74cb06c2e06d15b32c0891cc319f129871bdaf270700f91897059d425539618e5b35711e6fe323608ba191f57358e0fc2f782f499acea77a333a9d0c7aedcf6411bf683bdf446f596fddcf9254a01c0bd0f32499686db4e	24	0	\\x57f2790715e1dd279f26ef6a4d5c491805c945ade574c4bd71468b5e597805d2	2	\\x36ee361550cbb2e84699b935b9a1d494f05f87870886c3f5dc43fa5081e6b92b	3	\\x57f2790715e1dd279f26ef6a4d5c491805c945ade574c4bd71468b5e597805d2
32	9	\\x1f	{41,59,54,12,55}	\\x	\\xa549f25f4c8e259efeb100b50e4367d5a2924cbf841b930117e0a8574f456c820fdfb38e6fd1f584e481cc1ed9ac61591844832758280424798afe9f610e4367aa20a2a693b84f69f0b3428fbd918aa6d7862df351e7138db2d477d7f580031c	25	0	\\x57f2790715e1dd279f26ef6a4d5c491805c945ade574c4bd71468b5e597805d2	2	\\x36ee361550cbb2e84699b935b9a1d494f05f87870886c3f5dc43fa5081e6b92b	3	\\x57f2790715e1dd279f26ef6a4d5c491805c945ade574c4bd71468b5e597805d2
32	10	\\x1f	{19,42,50,57,63}	\\x	\\xa2d3b9a8dc43f251587c928cba50c1f7d9de683e8d8e14591766c9aba32f12cc90207648c1956ca61a78f7f150be1e7c19b82b297d1ab80b1f4d22f761facf4795ee6a17b7bf89e7142cf6f219fc184e6a3021077dced81da1d88ad82361c4dd	26	1	\\x57f2790715e1dd279f26ef6a4d5c491805c945ade574c4bd71468b5e597805d2	2	\\x36ee361550cbb2e84699b935b9a1d494f05f87870886c3f5dc43fa5081e6b92b	3	\\x57f2790715e1dd279f26ef6a4d5c491805c945ade574c4bd71468b5e597805d2
32	11	\\x0f	{5,45,28,34}	\\x	\\x96f6647a1b0e7d32075733014c5a4d420cf3529cb487334dc98ceaf3d39bfe7b5aba2cfd42297d4d939bf481d52aaa4c0c0544ae20a898ce26e6c53001754e18adccecf6abfacab8faa630ff5f723965abbdcb795b7dc1f4b929b62a9f9dbea9	28	0	\\x57f2790715e1dd279f26ef6a4d5c491805c945ade574c4bd71468b5e597805d2	2	\\x36ee361550cbb2e84699b935b9a1d494f05f87870886c3f5dc43fa5081e6b92b	3	\\x57f2790715e1dd279f26ef6a4d5c491805c945ade574c4bd71468b5e597805d2
32	12	\\x0f	{24,30,14,23}	\\x	\\x85a80111102b65452b3057c77514644849b8cfb1796b2e595ac4998548922ed3c96a764f960a794b496d820abebe48d81a0095ef226bbcdc7f804938531b6df991ec29f73a09ec25b676012ae4c4a3f15d373269a17ac895fbe17c0efcf2b8c2	30	0	\\x57f2790715e1dd279f26ef6a4d5c491805c945ade574c4bd71468b5e597805d2	2	\\x36ee361550cbb2e84699b935b9a1d494f05f87870886c3f5dc43fa5081e6b92b	3	\\x57f2790715e1dd279f26ef6a4d5c491805c945ade574c4bd71468b5e597805d2
32	13	\\x0f	{7,61,67,48}	\\x	\\x910f44f88d340650b62c85d0b299888d1e9641d15fdfa8fb3a14259eebe1da4c78cadc47b5beaa3475f4f0f3593db649099844d78b0b46c7b9efc1e42f3c59e8e4c5b9698e088c67ec9d9a8d4cf6a78c1e97cdf308c4470cf976b37d6521370f	24	1	\\x57f2790715e1dd279f26ef6a4d5c491805c945ade574c4bd71468b5e597805d2	2	\\x36ee361550cbb2e84699b935b9a1d494f05f87870886c3f5dc43fa5081e6b92b	3	\\x57f2790715e1dd279f26ef6a4d5c491805c945ade574c4bd71468b5e597805d2
32	14	\\x0f	{43,29,53,13}	\\x	\\x8af10f9eaa644c8772e277491923245d3b50039caf9d965acc7ac94f4d8976286c09ce2e6cca8ba6d64c3accca21f1a50b291f21ffeff1336631a61add71ae7fc7058400119795eb1c4a3084d43dc7f2679a6cd3d56948d406454eea5c7261f4	29	1	\\x57f2790715e1dd279f26ef6a4d5c491805c945ade574c4bd71468b5e597805d2	2	\\x36ee361550cbb2e84699b935b9a1d494f05f87870886c3f5dc43fa5081e6b92b	3	\\x57f2790715e1dd279f26ef6a4d5c491805c945ade574c4bd71468b5e597805d2
32	15	\\x1f	{15,35,0,21,4}	\\x	\\xadff85afe0893fa863bab860f6a184f1e681f2e4e1bae44f7b750b34e5f0f9cdb7ca3f796af3bcb3262ce72d93ce20d10e11b47a67b5a2f690e1be043cc5e52e8233c7d442b60e794cab5bbb301852361469289dbe4ee420c2765c6414ed4a12	30	1	\\x57f2790715e1dd279f26ef6a4d5c491805c945ade574c4bd71468b5e597805d2	2	\\x36ee361550cbb2e84699b935b9a1d494f05f87870886c3f5dc43fa5081e6b92b	3	\\x57f2790715e1dd279f26ef6a4d5c491805c945ade574c4bd71468b5e597805d2
34	0	\\x0f	{38,28,55,11}	\\x	\\xa42644207deebf741a089a69ebedf82f03b7c81f1a5ea032db853b9d5f0c4df7f0713459e014bba5c855cdc25f82a04306def05893f0f32a2bdc61b1cfdb6cc56176d5efe48a41ae3b20d9a37c72be64d0a50ed6daaf712e25d76368d31e70a8	32	1	\\xed0db2cfbf34bc65068fbfd57948b19d81eab247e97cdf73eae90b5a1f1f0cf9	2	\\x36ee361550cbb2e84699b935b9a1d494f05f87870886c3f5dc43fa5081e6b92b	4	\\xed0db2cfbf34bc65068fbfd57948b19d81eab247e97cdf73eae90b5a1f1f0cf9
34	1	\\x1f	{10,47,13,34,64}	\\x	\\xb85681461907b418d2aad29aabf48bdcc628148469ba12994cae39081e5cea8f35d3f48b6217dd1785acbf020ce3acc013a9bde0d590abf26be1744c01fc3efe0b13ec010ca47bb3080605ad7740e3c1ba28ab94bfa1606baf8e3d82d36370ce	33	0	\\xed0db2cfbf34bc65068fbfd57948b19d81eab247e97cdf73eae90b5a1f1f0cf9	2	\\x36ee361550cbb2e84699b935b9a1d494f05f87870886c3f5dc43fa5081e6b92b	4	\\xed0db2cfbf34bc65068fbfd57948b19d81eab247e97cdf73eae90b5a1f1f0cf9
34	2	\\x0b	{52,58,53}	\\x	\\x8e477ab7a1f6eb3a19f1dd9e9d7425b8f154a60079e65a373ae9d6c4f66850b3577831c3953085367eb8b5ebbc22b4ad101237afc8baae1478b13e3f56d0d8f517e789d735be275953d89550b9e1789b13bc9d77bd99447db41821f6dcf135db	33	1	\\xed0db2cfbf34bc65068fbfd57948b19d81eab247e97cdf73eae90b5a1f1f0cf9	2	\\x36ee361550cbb2e84699b935b9a1d494f05f87870886c3f5dc43fa5081e6b92b	4	\\xed0db2cfbf34bc65068fbfd57948b19d81eab247e97cdf73eae90b5a1f1f0cf9
34	3	\\x0f	{15,41,1,20}	\\x	\\x92c60ede715f6f8c7aa67af02b86bdfe347d9a35be74f7606511176a865223cd7e86fd2d917354be61e81c5299feea9113e60574c7c7e964d0d83a0868b823404a585d2797af64916acde77906b05156f4327535b4505018a7e3ff07721454b1	32	0	\\xed0db2cfbf34bc65068fbfd57948b19d81eab247e97cdf73eae90b5a1f1f0cf9	2	\\x36ee361550cbb2e84699b935b9a1d494f05f87870886c3f5dc43fa5081e6b92b	4	\\xed0db2cfbf34bc65068fbfd57948b19d81eab247e97cdf73eae90b5a1f1f0cf9
35	0	\\x01	{65}	\\x	\\x8103c6d4bc90103b414cb4d30b4a51d1beed00d4db1d11a5658bcd23e36927649370c869fb977ce58461ede906ccf23c15caa7bf18c6e8dae6566e060a61754724903b6af9282465c25b7a27f0af857de7561336c1e99521b479f3a6ab5b38b4	34	1	\\x208e68839c7d536db755a37d2a726113ee67e7dabc49aef963b985547a915707	2	\\x36ee361550cbb2e84699b935b9a1d494f05f87870886c3f5dc43fa5081e6b92b	4	\\xed0db2cfbf34bc65068fbfd57948b19d81eab247e97cdf73eae90b5a1f1f0cf9
35	1	\\x0f	{52,58,24,53}	\\x	\\x872a33fc446f07417c4b2d86b1fe267dfd4fe221b041d673b09118b5357ed5b75cd9ec2a6db9b0af8c1f670e2928485e024eedc9f1c98ec8b9492f60c012953ed25255c757c8efc28fbe4f5df1a31c23e3d60ecd0a108d6d6edd195d1e3af31c	33	1	\\xed0db2cfbf34bc65068fbfd57948b19d81eab247e97cdf73eae90b5a1f1f0cf9	2	\\x36ee361550cbb2e84699b935b9a1d494f05f87870886c3f5dc43fa5081e6b92b	4	\\xed0db2cfbf34bc65068fbfd57948b19d81eab247e97cdf73eae90b5a1f1f0cf9
35	2	\\x0f	{60,6,14,49}	\\x	\\xaf912d6888b6876ff7c528dc90e3607f871c688f72d5c7b53bf3d4610652b5f48b7a045f6a251f5cfadb0b317b62fb8a123be253a403eff6ebbca0fdb41ded2d847de1d6bb89b98b72f8a2351a355b0e3de1a2153d3b4df646c600e42fb73759	34	0	\\x208e68839c7d536db755a37d2a726113ee67e7dabc49aef963b985547a915707	2	\\x36ee361550cbb2e84699b935b9a1d494f05f87870886c3f5dc43fa5081e6b92b	4	\\xed0db2cfbf34bc65068fbfd57948b19d81eab247e97cdf73eae90b5a1f1f0cf9
36	0	\\x0f	{31,9,23,63}	\\x	\\x81f85910749c60e2bd429c426e34e557133068a63a1379da8280cc101f58a142cd0f0092b5e518f404bc47c2a133cd4801747fa77320e3569b78accbb4391b94fcb51d126884e34d47a8a2f61822ef2fd76488804419521eda9233b665f062ff	35	1	\\x7d347b122eebb5d8153141dab6a3f6943df0680565d0b7f64e0c93743acfe5e5	2	\\x36ee361550cbb2e84699b935b9a1d494f05f87870886c3f5dc43fa5081e6b92b	4	\\xed0db2cfbf34bc65068fbfd57948b19d81eab247e97cdf73eae90b5a1f1f0cf9
36	1	\\x1f	{65,39,36,32,46}	\\x	\\x9680374e3286371501f4660e155383b3cdb472094f484e4b0d591f8b57f35702088e8249a1fec668bc099cb53822b3d402fb77d4f0a7d04eb7619cc4d6a7b3202374785bd29be9770ef9916a5d04c5f77c64b914343952b53873f69da62d0d16	34	1	\\x208e68839c7d536db755a37d2a726113ee67e7dabc49aef963b985547a915707	2	\\x36ee361550cbb2e84699b935b9a1d494f05f87870886c3f5dc43fa5081e6b92b	4	\\xed0db2cfbf34bc65068fbfd57948b19d81eab247e97cdf73eae90b5a1f1f0cf9
36	2	\\x0f	{12,21,48,26}	\\x	\\x9643c85b5dad630ac8c109e464d49db56dd0743222197a034a3653d98f5136f819191f16f4b31ae6817b8b5ec0b2c0a103aa579d89c6a491d8812e312ae1452ed1e86eb813ad8fd4085f158c33ea7f9f184b2921bde0fb3432bb98ceac755974	35	0	\\x7d347b122eebb5d8153141dab6a3f6943df0680565d0b7f64e0c93743acfe5e5	2	\\x36ee361550cbb2e84699b935b9a1d494f05f87870886c3f5dc43fa5081e6b92b	4	\\xed0db2cfbf34bc65068fbfd57948b19d81eab247e97cdf73eae90b5a1f1f0cf9
37	0	\\x0f	{35,43,54,3}	\\x	\\x8145d762be32104a5daf9bf1068c3f6978835c0a87568e56ced4490d9827495fe2596195935e5d6567d10c76d5d68bdd0918638d556616042cd774a34eced03a5f2681ec3ff1b62168696154d004320d132fd34067238d3144b1e87d5d042ac6	36	0	\\x041b2ba9a1bd40276d7acc75225bd90cd3efca33ee6144ee02454a941c265084	2	\\x36ee361550cbb2e84699b935b9a1d494f05f87870886c3f5dc43fa5081e6b92b	4	\\xed0db2cfbf34bc65068fbfd57948b19d81eab247e97cdf73eae90b5a1f1f0cf9
37	1	\\x1f	{31,9,23,63,67}	\\x	\\x8729e1ac47e1bb03275a2c366031ca8fba05273b7807dfa4b94ddc62acc1c2ddf1cc3cd85fc3e377803abd22e0e4f583162cadddc5c734a5bf8776a515ff1691d6cd51ad7c0f76a3de0ab365be5bcbb2783d87f161ae82e8393439a8cd29d1c1	35	1	\\x7d347b122eebb5d8153141dab6a3f6943df0680565d0b7f64e0c93743acfe5e5	2	\\x36ee361550cbb2e84699b935b9a1d494f05f87870886c3f5dc43fa5081e6b92b	4	\\xed0db2cfbf34bc65068fbfd57948b19d81eab247e97cdf73eae90b5a1f1f0cf9
37	2	\\x0f	{56,62,27,29}	\\x	\\xa48912a9b2712a59c6b2937a986b4eec781d6a37d620f38b52e12d0975e075d2abc9b5fd66c08096eb0ce41721e8951500c201a7e0bdb923e6420e2daf98e9ae27d808d794027d5345d8b79a36b86ed5f94958a94a76598df90c3c2208c3f479	36	1	\\x041b2ba9a1bd40276d7acc75225bd90cd3efca33ee6144ee02454a941c265084	2	\\x36ee361550cbb2e84699b935b9a1d494f05f87870886c3f5dc43fa5081e6b92b	4	\\xed0db2cfbf34bc65068fbfd57948b19d81eab247e97cdf73eae90b5a1f1f0cf9
38	0	\\x0e	{69,5,51}	\\x	\\xb6960e6609a85e30c71e73fa5c3154635e7516c6b2934813c262341fbd09829ab2bc7fcd1f0720ebc6ae6b0b7949bded0304b37ef6873ee772c134d17796cd6bf3866247b9446f7832399bc8a5fe2df59f21800a41db173769ea19c295bcac39	37	1	\\xac9b25f0324fcbded738d67a9c4af6e1cb8d38b362002f3e3bc2d457a65bd88f	2	\\x36ee361550cbb2e84699b935b9a1d494f05f87870886c3f5dc43fa5081e6b92b	4	\\xed0db2cfbf34bc65068fbfd57948b19d81eab247e97cdf73eae90b5a1f1f0cf9
38	1	\\x17	{50,7,18,61}	\\x	\\x8e1347086298337e79e31403a948e9014e70b28088fa3d43d140b4b336b7482de79728eca53344c1e064442c07435d6d0cc39d4123b98d6c3c6aa4d44b3e6bfc2dc42db38ee0c44a01b911ea9df94574ae950c0a74384f349c73f126332aba9b	37	0	\\xac9b25f0324fcbded738d67a9c4af6e1cb8d38b362002f3e3bc2d457a65bd88f	2	\\x36ee361550cbb2e84699b935b9a1d494f05f87870886c3f5dc43fa5081e6b92b	4	\\xed0db2cfbf34bc65068fbfd57948b19d81eab247e97cdf73eae90b5a1f1f0cf9
39	0	\\x0f	{40,69,5,51}	\\x	\\x86aee25cb4144c942b6de7c4926b1c8a93bcf71dc038aefe720c6c4c35897f6071a1c65194225c7d32030b4598061005027f50637e6c0d36e0391fb60143ee8426d22d17e244191f3c013d319154d208c464f3227c47b66059c89e96e6cd934e	37	1	\\xac9b25f0324fcbded738d67a9c4af6e1cb8d38b362002f3e3bc2d457a65bd88f	2	\\x36ee361550cbb2e84699b935b9a1d494f05f87870886c3f5dc43fa5081e6b92b	4	\\xed0db2cfbf34bc65068fbfd57948b19d81eab247e97cdf73eae90b5a1f1f0cf9
39	1	\\x0a	{30,22}	\\x	\\x853d4de505683ead98e4091d06160f136258baa3d105f4bbdde3ae9e2d5e499a13e7ec2c83ebe6b67c464261bd009493068ca2b4be59a4e931b4570c9df7c86f4c6dd31d109489c7379d4734ce631a7148cb7a4417fe6fcba1b2e4efd3bc1793	38	0	\\x363f86f2a48cb0acdd17ebacc938351ac36a3aa6f55ed34fd65221b474965da0	2	\\x36ee361550cbb2e84699b935b9a1d494f05f87870886c3f5dc43fa5081e6b92b	4	\\xed0db2cfbf34bc65068fbfd57948b19d81eab247e97cdf73eae90b5a1f1f0cf9
39	2	\\x0f	{25,17,2,8}	\\x	\\xb3bdb55f97d3864b25a75ebde50affe3b92998fba7e2d9c02346be589405847946eb77aaeb3ebba40411c3a94922c8a815b2b04d228043e0acbf513b0437afc44d0c37c10be0e0190bdd5c1d7e727e8710b9bc4f9b410dba511ca4c46fa974be	38	1	\\x363f86f2a48cb0acdd17ebacc938351ac36a3aa6f55ed34fd65221b474965da0	2	\\x36ee361550cbb2e84699b935b9a1d494f05f87870886c3f5dc43fa5081e6b92b	4	\\xed0db2cfbf34bc65068fbfd57948b19d81eab247e97cdf73eae90b5a1f1f0cf9
39	3	\\x1f	{50,7,18,45,61}	\\x	\\x8ec7d0860fed3b2a6f1ee06689d146f034170229cbcefb27894609c8c0e61f90d61085ef1fd21038009b04ed474fdf7f0e74ae9820b8c0e64bb2a6c83c77be9f73e18e82522c88ef4a5b1b52c10e0dfa7d1146c5db75f65929147517e8d733a2	37	0	\\xac9b25f0324fcbded738d67a9c4af6e1cb8d38b362002f3e3bc2d457a65bd88f	2	\\x36ee361550cbb2e84699b935b9a1d494f05f87870886c3f5dc43fa5081e6b92b	4	\\xed0db2cfbf34bc65068fbfd57948b19d81eab247e97cdf73eae90b5a1f1f0cf9
\.


--
-- Data for Name: blocks_attesterslashings; Type: TABLE DATA; Schema: public; Owner: beaconchain
--

COPY public.blocks_attesterslashings (block_slot, block_index, attestation1_custodybit_0indices, attestation1_custodybit_1indices, attestation1_signature, attestation1_slot, attestation1_index, attestation1_beaconblockroot, attestation1_source_epoch, attestation1_source_root, attestation1_target_epoch, attestation1_target_root, attestation2_custodybit_0indices, attestation2_custodybit_1indices, attestation2_signature, attestation2_slot, attestation2_index, attestation2_beaconblockroot, attestation2_source_epoch, attestation2_source_root, attestation2_target_epoch, attestation2_target_root) FROM stdin;
\.


--
-- Data for Name: blocks_deposits; Type: TABLE DATA; Schema: public; Owner: beaconchain
--

COPY public.blocks_deposits (block_slot, block_index, proof, publickey, withdrawalcredentials, amount, signature) FROM stdin;
\.


--
-- Data for Name: blocks_proposerslashings; Type: TABLE DATA; Schema: public; Owner: beaconchain
--

COPY public.blocks_proposerslashings (block_slot, block_index, proposerindex, header1_slot, header1_parentroot, header1_stateroot, header1_bodyroot, header1_signature, header2_slot, header2_parentroot, header2_stateroot, header2_bodyroot, header2_signature) FROM stdin;
\.


--
-- Data for Name: blocks_voluntaryexits; Type: TABLE DATA; Schema: public; Owner: beaconchain
--

COPY public.blocks_voluntaryexits (block_slot, block_index, epoch, validatorindex, signature) FROM stdin;
\.


--
-- Data for Name: epochs; Type: TABLE DATA; Schema: public; Owner: beaconchain
--

COPY public.epochs (epoch, blockscount, proposerslashingscount, attesterslashingscount, attestationscount, depositscount, voluntaryexitscount, validatorscount, averagevalidatorbalance, finalized, eligibleether, globalparticipationrate, votedether) FROM stdin;
0	7	0	0	18	0	0	70	3200000000	t	224000000000	0.8857142925262451	198400000000
1	8	0	0	27	0	0	70	3200303854	t	223200000000	1	223200000000
2	8	0	0	23	0	0	70	3200303854	t	223200000000	0.814068078994751	181700000000
3	8	0	0	0	0	0	70	3200963978	t	223200000000	1	223200000000
4	7	0	0	35	0	0	70	7544191053	t	223200000000	1	223200000000
\.


--
-- Data for Name: proposal_assignments; Type: TABLE DATA; Schema: public; Owner: beaconchain
--

COPY public.proposal_assignments (epoch, validatorindex, proposerslot, status) FROM stdin;
0	46	6	1
0	19	7	1
0	24	1	1
0	66	2	1
0	4	3	1
0	23	4	1
0	51	5	1
1	7	9	1
1	41	10	1
1	46	11	1
1	52	12	1
1	69	13	1
1	12	14	1
1	0	15	1
1	1	8	1
2	69	19	1
2	58	20	1
2	19	21	1
2	64	22	1
2	31	23	1
2	49	16	1
2	6	17	1
2	44	18	1
3	57	28	2
3	62	31	2
3	1	30	2
3	6	26	2
3	10	25	2
3	18	29	2
3	22	27	2
3	43	24	2
4	41	32	1
4	25	34	1
4	38	35	1
4	64	36	1
4	55	37	1
4	33	38	1
4	44	39	1
\.


--
-- Data for Name: validator_balances; Type: TABLE DATA; Schema: public; Owner: beaconchain
--

COPY public.validator_balances (epoch, validatorindex, balance) FROM stdin;
0	0	3200000000
0	1	3200000000
0	2	3200000000
0	3	3200000000
0	4	3200000000
0	5	3200000000
0	6	3200000000
0	7	3200000000
0	8	3200000000
0	9	3200000000
0	10	3200000000
0	11	3200000000
0	12	3200000000
0	13	3200000000
0	14	3200000000
0	15	3200000000
0	16	3200000000
0	17	3200000000
0	18	3200000000
0	19	3200000000
0	20	3200000000
0	21	3200000000
0	22	3200000000
0	23	3200000000
0	24	3200000000
0	25	3200000000
0	26	3200000000
0	27	3200000000
0	28	3200000000
0	29	3200000000
0	30	3200000000
0	31	3200000000
0	32	3200000000
0	33	3200000000
0	34	3200000000
0	35	3200000000
0	36	3200000000
0	37	3200000000
0	38	3200000000
0	39	3200000000
0	40	3200000000
0	41	3200000000
0	42	3200000000
0	43	3200000000
0	44	3200000000
0	45	3200000000
0	46	3200000000
0	47	3200000000
0	48	3200000000
0	49	3200000000
0	50	3200000000
0	51	3200000000
0	52	3200000000
0	53	3200000000
0	54	3200000000
0	55	3200000000
0	56	3200000000
0	57	3200000000
0	58	3200000000
0	59	3200000000
0	60	3200000000
0	61	3200000000
0	62	3200000000
0	63	3200000000
0	64	3200000000
0	65	3200000000
0	66	3200000000
0	67	3200000000
0	68	3200000000
0	69	3200000000
1	0	3200334773
1	1	3200429427
1	2	3200382102
1	3	3200382102
1	4	3200463234
1	5	3200334773
1	6	3200382102
1	7	3200388861
1	8	3200382102
1	9	3200334773
1	10	3200334773
1	11	3200382102
1	12	3200334773
1	13	3200382102
1	14	3199675463
1	15	3200382102
1	16	3200382102
1	17	3200382102
1	18	3200334773
1	19	3200456471
1	20	3200382102
1	21	3199675463
1	22	3200334773
1	23	3200503800
1	24	3200382102
1	25	3200334773
1	26	3199675463
1	27	3199675463
1	28	3200382102
1	29	3200382102
1	30	3200334773
1	31	3199675463
1	32	3200382102
1	33	3199675463
1	34	3200382102
1	35	3200382102
1	36	3200382102
1	37	3200382102
1	38	3200382102
1	39	3200334773
1	40	3200382102
1	41	3200382102
1	42	3200382102
1	43	3200334773
1	44	3200382102
1	45	3200382102
1	46	3199770117
1	47	3200382102
1	48	3200382102
1	49	3200382102
1	50	3200382102
1	51	3200530844
1	52	3200382102
1	53	3200382102
1	54	3200382102
1	55	3200382102
1	56	3200382102
1	57	3200382102
1	58	3200382102
1	59	3199675463
1	60	3200382102
1	61	3200382102
1	62	3200382102
1	63	3200382102
1	64	3200382102
1	65	3200382102
1	66	3200503800
1	67	3200382102
1	68	3200382102
1	69	3200382102
2	0	3200334773
2	1	3200429427
2	2	3200382102
2	3	3200382102
2	4	3200463234
2	5	3200334773
2	6	3200382102
2	7	3200388861
2	8	3200382102
2	9	3200334773
2	10	3200334773
2	11	3200382102
2	12	3200334773
2	13	3200382102
2	14	3199675463
2	15	3200382102
2	16	3200382102
2	17	3200382102
2	18	3200334773
2	19	3200456471
2	20	3200382102
2	21	3199675463
2	22	3200334773
2	23	3200503800
2	24	3200382102
2	25	3200334773
2	26	3199675463
2	27	3199675463
2	28	3200382102
2	29	3200382102
2	30	3200334773
2	31	3199675463
2	32	3200382102
2	33	3199675463
2	34	3200382102
2	35	3200382102
2	36	3200382102
2	37	3200382102
2	38	3200382102
2	39	3200334773
2	40	3200382102
2	41	3200382102
2	42	3200382102
2	43	3200334773
2	44	3200382102
2	45	3200382102
2	46	3199770117
2	47	3200382102
2	48	3200382102
2	49	3200382102
2	50	3200382102
2	51	3200530844
2	52	3200382102
2	53	3200382102
2	54	3200382102
2	55	3200382102
2	56	3200382102
2	57	3200382102
2	58	3200382102
2	59	3199675463
2	60	3200382102
2	61	3200382102
2	62	3200382102
2	63	3200382102
2	64	3200382102
2	65	3200382102
2	66	3200503800
2	67	3200382102
2	68	3200382102
2	69	3200382102
3	0	3201249675
3	1	3201161455
3	2	3201114130
3	3	3200476929
3	4	3201195262
3	5	3201066801
3	6	3201255943
3	7	3201187773
3	8	3201114130
3	9	3201114215
3	10	3201114215
3	11	3201114130
3	12	3201222583
3	13	3200476929
3	14	3200430542
3	15	3201161544
3	16	3201161544
3	17	3201161544
3	18	3200429600
3	19	3201228714
3	20	3200476929
3	21	3200384610
3	22	3201114215
3	23	3201235828
3	24	3201161544
3	25	3200429600
3	26	3200430542
3	27	3199767326
3	28	3200476929
3	29	3201161544
3	30	3201066801
3	31	3200465886
3	32	3201114130
3	33	3200430542
3	34	3200476929
3	35	3201161544
3	36	3201114130
3	37	3201161544
3	38	3201161544
3	39	3200429600
3	40	3201114130
3	41	3201282612
3	42	3201161544
3	43	3200382186
3	44	3201256366
3	45	3201066716
3	46	3200673779
3	47	3201114130
3	48	3201161544
3	49	3200611543
3	50	3201161544
3	51	3201310286
3	52	3201296581
3	53	3201161544
3	54	3201161544
3	55	3200476929
3	56	3201161544
3	57	3201161544
3	58	3201283035
3	59	3200430542
3	60	3201161544
3	61	3201161544
3	62	3201161544
3	63	3201161544
3	64	3201336373
3	65	3201114130
3	66	3201235828
3	67	3201161544
3	68	3200476929
3	69	3201418495
4	0	3201622207
4	1	3201505539
4	2	3201458214
4	3	3200815594
4	4	3201567794
4	5	3201415626
4	6	3201592915
4	7	3201524745
4	8	3201462955
4	9	3201458299
4	10	3201463040
4	11	3201451102
4	12	3201561248
4	13	3200833657
4	14	3200791431
4	15	3201534076
4	16	3201518272
4	17	3201581490
4	18	3200849546
4	19	3201569637
4	20	3200821013
4	21	3200745499
4	22	3201452880
4	23	3201608360
4	24	3201534076
4	25	3200768265
4	26	3200837363
4	27	3200174147
4	28	3200825754
4	29	3201518272
4	30	3201439333
4	31	3200796154
4	32	3201534076
4	33	3200756982
4	34	3200825754
4	35	3201534076
4	36	3201534076
4	37	3201581490
4	38	3201510369
4	39	3200773684
4	40	3201470858
4	41	3202566113
4	42	3201502467
4	43	3200738914
4	44	3201597289
4	45	3201415541
4	46	3201001860
4	47	3201470858
4	48	3201498516
4	49	3200952466
4	50	3201502467
4	51	3201654370
4	52	3201716527
4	53	3201518272
4	54	3201500209
4	55	3200815594
4	56	3201518272
4	57	3201502467
4	58	3201639763
4	59	3200758623
4	60	3201498516
4	61	3201498516
4	62	3201502467
4	63	3201502467
4	64	3201680457
4	65	3201458214
4	66	3201584653
4	67	3201498516
4	68	3200821013
4	69	3201838441
4	70	3200000000
4	71	3200000000
4	72	3200000000
4	73	3200000000
4	74	3200000000
4	75	3200000000
4	76	3200000000
4	77	3200000000
4	78	3200000000
4	79	3200000000
4	80	3200000000
4	81	3200000000
4	82	3200000000
4	83	3200000000
4	84	3200000000
4	85	3200000000
4	86	3200000000
4	87	3200000000
4	88	3200000000
4	89	3200000000
4	90	3200000000
4	91	3200000000
4	92	3200000000
4	93	3200000000
4	94	3200000000
4	95	3200000000
4	96	3200000000
4	97	3200000000
4	98	3200000000
4	99	3200000000
4	100	3200000000
4	101	3200000000
4	102	3200000000
4	103	3200000000
4	104	3200000000
4	105	3200000000
4	106	3200000000
4	107	3200000000
4	108	3200000000
4	109	3200000000
4	110	3200000000
4	111	3200000000
4	112	3200000000
4	113	3200000000
4	114	3200000000
4	115	3200000000
4	116	3200000000
4	117	3200000000
4	118	3200000000
4	119	3200000000
4	120	3200000000
4	121	3200000000
4	122	3200000000
4	123	3200000000
4	124	3200000000
4	125	3200000000
4	126	3200000000
4	127	3200000000
4	128	3200000000
4	129	3200000000
4	130	3200000000
4	131	3200000000
4	132	3200000000
4	133	3200000000
4	134	3200000000
4	135	3200000000
4	136	3200000000
4	137	3200000000
4	138	3200000000
4	139	3200000000
4	140	3200000000
4	141	3200000000
4	142	3200000000
4	143	3200000000
4	144	3200000000
4	145	3200000000
4	146	3200000000
4	147	3200000000
4	148	3200000000
4	149	3200000000
4	150	3200000000
4	151	3200000000
4	152	3200000000
4	153	3200000000
4	154	3200000000
4	155	3200000000
4	156	3200000000
4	157	3200000000
4	158	3200000000
4	159	3200000000
4	160	3200000000
4	161	3200000000
4	162	3200000000
4	163	3200000000
4	164	3200000000
\.


--
-- Data for Name: validator_set; Type: TABLE DATA; Schema: public; Owner: beaconchain
--

COPY public.validator_set (epoch, validatorindex, withdrawableepoch, withdrawalcredentials, effectivebalance, slashed, activationeligibilityepoch, activationepoch, exitepoch) FROM stdin;
0	0	9223372036854775807	\\x0012608fe6f665bc94179054e40fa04204e438fc54af6008c94ab69f04b04df9	3200000000	f	0	0	9223372036854775807
0	1	9223372036854775807	\\x00b548915b099d1aaceab5bfccfaf24f06cf6c05dcbc699aba9cb2a3e7c2ef42	3200000000	f	0	0	9223372036854775807
0	2	9223372036854775807	\\x0075d96ddfe5f6e2acf38fcabd34c434d9d36125ad87a886894385944600519b	3200000000	f	0	0	9223372036854775807
0	3	9223372036854775807	\\x00aae79d32808f637e499ef10a03d70f1e2a50d2020478fec223686250453e33	3200000000	f	0	0	9223372036854775807
0	4	9223372036854775807	\\x00dd038cc6c36f4c76802f26eda95507a4046ba6347870298e5fe752ec56864e	3200000000	f	0	0	9223372036854775807
0	5	9223372036854775807	\\x000b257f7fee86cb7968121fd3649e4315207c7e9d665b82ad54cf73ff0b4d23	3200000000	f	0	0	9223372036854775807
0	6	9223372036854775807	\\x001ebe4904996d98651b8b09d2bc27f4026d495d83e45cbcc58c1eec6b3bfc21	3200000000	f	0	0	9223372036854775807
0	7	9223372036854775807	\\x0036d4e3a1ee97e1ccd998cf2b5c7af186616502d4868fa1f6b4865aa3776005	3200000000	f	0	0	9223372036854775807
0	8	9223372036854775807	\\x00ff6f57236caf7fbeb400aa3f1ea544ae0b560ac51daa607f48497628fba0d9	3200000000	f	0	0	9223372036854775807
0	9	9223372036854775807	\\x009552b12797444d3fb293d0ece204aecced6a7c2de4cc72871dd79d45a50273	3200000000	f	0	0	9223372036854775807
0	10	9223372036854775807	\\x00ecc555edeeacc5051c3a9592094166ad112f7f103e5e5ea57bc1c8718360c6	3200000000	f	0	0	9223372036854775807
0	11	9223372036854775807	\\x00b9438be222abcd00ee2c17ff3d7c69f6c6eefc3f21a4ee22ee30489560c178	3200000000	f	0	0	9223372036854775807
0	12	9223372036854775807	\\x00eb773b18804ee37ba56187faf730b689065bd89ba3a484914ee761cfbe550c	3200000000	f	0	0	9223372036854775807
0	13	9223372036854775807	\\x00a0b00658db7215fc3a53236cb4d940085513ce4464c9ddcd0c3c22a5365044	3200000000	f	0	0	9223372036854775807
0	14	9223372036854775807	\\x0023b0977b9569fdd19133e18f4bfeec8fe7a4e8a0cf481c070cef9a4b1aecd6	3200000000	f	0	0	9223372036854775807
0	15	9223372036854775807	\\x0073300f0a80f8190dcff0af94fbb6765fa73de04365d7d03610652bee5426be	3200000000	f	0	0	9223372036854775807
0	16	9223372036854775807	\\x0044d03911e32c29f0817ad6153af522d671de54b102adc994f50c8aa556ecc5	3200000000	f	0	0	9223372036854775807
0	17	9223372036854775807	\\x00076bc3f04e7a42e54fd18a25c7902f54138d351ff2ff0a87b8fbf1cd83e35a	3200000000	f	0	0	9223372036854775807
0	18	9223372036854775807	\\x00e14905998efbf1d82eb5c47f25684716d059d9f80331f6e4c4c477881b467e	3200000000	f	0	0	9223372036854775807
0	19	9223372036854775807	\\x00ed6ec0033c1ef42314e6f40eb04b635897478cbfa32fc6be0d7992d7b294f9	3200000000	f	0	0	9223372036854775807
0	20	9223372036854775807	\\x008bb4346fa48e300f9c7b2b1a85448f2f178246a041303dac635b6a7bc46877	3200000000	f	0	0	9223372036854775807
0	21	9223372036854775807	\\x00ef339df23329386fc214165b6cd633d97a1fa8251c4624499d6d964d140b99	3200000000	f	0	0	9223372036854775807
0	22	9223372036854775807	\\x00b8d07966db10406e929c8c8b911e9bc23c127aac0f6e65195d182649f69604	3200000000	f	0	0	9223372036854775807
0	23	9223372036854775807	\\x00d3c27e2f6ae6348f0c82b2a9376a44668bf6040a6545301b5d296d08a745de	3200000000	f	0	0	9223372036854775807
0	24	9223372036854775807	\\x00e2b15890d711a77b3a7b83acb27d4f1daf7d9f92e31430ec88b9a64dfe33d3	3200000000	f	0	0	9223372036854775807
0	25	9223372036854775807	\\x00d3966112f2447b3377d5d663fe4a4672a69210ec7b0756bb610b8524049fdc	3200000000	f	0	0	9223372036854775807
0	26	9223372036854775807	\\x00c62e068a8a0b195313caf9cce1dc35709a442818d13987ce5046c275269b2d	3200000000	f	0	0	9223372036854775807
0	27	9223372036854775807	\\x000d7a32177d56e9c9675d9a295b8500361e4aa4ca473d9322effc18b6eb1e7f	3200000000	f	0	0	9223372036854775807
0	28	9223372036854775807	\\x002f198b9b66c1a2c39ce5e4af1a17abb615284b25046ccb84a4a7c7205eb634	3200000000	f	0	0	9223372036854775807
0	29	9223372036854775807	\\x001e51e8cd5170fe1a4dd04d228b9f7320a86d93004132e3009ebe1e5cb3daba	3200000000	f	0	0	9223372036854775807
0	30	9223372036854775807	\\x0016fd38df449703812ed07407046475c56b8c9b64c0b944046e1a372136c649	3200000000	f	0	0	9223372036854775807
0	31	9223372036854775807	\\x0064c2d3e18fc051d1ee8bda82bebb0a0863b28d7fe67ee86e767d37f0da29b1	3200000000	f	0	0	9223372036854775807
0	32	9223372036854775807	\\x00be59b2b33197115ceded3cfb64946693d8ca13b72e4c0102bc5ae772176491	3200000000	f	0	0	9223372036854775807
0	33	9223372036854775807	\\x00ee7f7c581cfb604d5e88b8737f1b6030a4e14046a2031e6092d58ac62b0110	3200000000	f	0	0	9223372036854775807
0	34	9223372036854775807	\\x001b503742401b5c7300a494c57d05fd1bca9cfc9a5cf59d63d1c62e9f098326	3200000000	f	0	0	9223372036854775807
0	35	9223372036854775807	\\x00518deabb16f24f2a8b7b08b779da5fe42681d8dabdf43c156a067079f51126	3200000000	f	0	0	9223372036854775807
0	36	9223372036854775807	\\x0085bd08e525743e3c62a93be2e07a47d0a8559a3a0d2512487cd66aa9cd388e	3200000000	f	0	0	9223372036854775807
0	37	9223372036854775807	\\x00e23b5bbfb9bffe1ff3a1e90676a4c65d5a4d30d19821eab89bc839c29c21b7	3200000000	f	0	0	9223372036854775807
0	38	9223372036854775807	\\x00ab42c5ba8012534d7e3c25a6c4b1c8f547be98d0b460d5fda68b3f10f69947	3200000000	f	0	0	9223372036854775807
0	39	9223372036854775807	\\x00b88032b07655e9c74d312fc62798573d5a31fb18d81bd4ae459ba036eb6563	3200000000	f	0	0	9223372036854775807
0	40	9223372036854775807	\\x00b0ec89179cb301cbf33f3d06d633b135195e9a7887e84c5d2699ff84e8f65c	3200000000	f	0	0	9223372036854775807
0	41	9223372036854775807	\\x001b5b728de1a2c1e99fcc1a1279d0a3d1e03b5c62c9741557099284403fbf35	3200000000	f	0	0	9223372036854775807
0	42	9223372036854775807	\\x00effdb0b99bec4fb279e5569b835d4ea92e04081874af81f1d24fd4455632d8	3200000000	f	0	0	9223372036854775807
0	43	9223372036854775807	\\x00c0a8bf054608c9b4a2e39c204d8759252812509b83766b018fe5a5e080b2ec	3200000000	f	0	0	9223372036854775807
0	44	9223372036854775807	\\x0093a1c2b2f88c33f92670eb3df4bb8e124b579413fa2a2398b9a4cd65a369f2	3200000000	f	0	0	9223372036854775807
0	45	9223372036854775807	\\x00c0e51e955faebdd27b4d16362a69540fc1ad9e65256b9e8e9f7eb60d31e087	3200000000	f	0	0	9223372036854775807
0	46	9223372036854775807	\\x00f524bee2c648bb3e10b73c32fcb2730803385fb56f7976fa0f61c2bf4c8b88	3200000000	f	0	0	9223372036854775807
0	47	9223372036854775807	\\x00db285c06e3678c9a8bf4dee4722876f2e8dc0484fcdf4ff5e51d3a35e9e669	3200000000	f	0	0	9223372036854775807
0	48	9223372036854775807	\\x00bf06c715d1c28d72a443299d926b46d3ac5e87dcb74e08b6072de3b5bd3e59	3200000000	f	0	0	9223372036854775807
0	49	9223372036854775807	\\x0016e44780b8f8b7b56d8eecd268756ab6d1d101034395c305835ddd4a5fd7b0	3200000000	f	0	0	9223372036854775807
0	50	9223372036854775807	\\x00ece8a2ec2fc862a8d7b76026e8bd853acb4f6a6e618dd779569c772d745db0	3200000000	f	0	0	9223372036854775807
0	51	9223372036854775807	\\x0000a2c8c557470d131c1aa45d99c74675bf1f39cc81f534ff5f04bcc8a7b857	3200000000	f	0	0	9223372036854775807
0	52	9223372036854775807	\\x00c2c6fe121ba2475e1df618c6520983eab007e9883e6823f923b965553d4ebe	3200000000	f	0	0	9223372036854775807
0	53	9223372036854775807	\\x00da9d2204a9d2bdcee097b1c6769cf1355da128b8f21b6ca7d03eb82a34a1d1	3200000000	f	0	0	9223372036854775807
0	54	9223372036854775807	\\x001c6a68e1a0fb917895e062a38d6abbad47c87a66d505d9d8bd2cb437a8325c	3200000000	f	0	0	9223372036854775807
0	55	9223372036854775807	\\x0066ecd61b490101ef4e8f5fcf7d24518dcd53d1227fad5afb5ccd64b7d6a1dd	3200000000	f	0	0	9223372036854775807
0	56	9223372036854775807	\\x003c445ea2e74c3ffeffa16c60e63ee571954caf8b902a19944bfed86bff95dc	3200000000	f	0	0	9223372036854775807
0	57	9223372036854775807	\\x00e9b451618eb17d6957c0f4cae736df872ecdb6f330054589eb670f13ae6200	3200000000	f	0	0	9223372036854775807
0	58	9223372036854775807	\\x00095083a5615722d66c459ef1ca5df104431b5848162add0ee252348f62bdf7	3200000000	f	0	0	9223372036854775807
0	59	9223372036854775807	\\x00df9835aaaeb4b63b7f6630ec822e67e79679e14afea6bd32d1c59377c366d9	3200000000	f	0	0	9223372036854775807
0	60	9223372036854775807	\\x002b1cf5eaf5ab28cbeda333575b6748293a22465950148612879936c9aaceef	3200000000	f	0	0	9223372036854775807
0	61	9223372036854775807	\\x000c575e24370cd996c38cb0e574ebf38c24ae8c093bdd621466ea12a761bb28	3200000000	f	0	0	9223372036854775807
0	62	9223372036854775807	\\x00b4a8343261b35f9907340523c8d902bbffd8513787221146f69ce4f2ad5c04	3200000000	f	0	0	9223372036854775807
0	63	9223372036854775807	\\x00723575a89006648235d918c904a731f7b9f3500572626e16e254232aacaabe	3200000000	f	0	0	9223372036854775807
0	64	9223372036854775807	\\x00736276c4082079fcc8b996a242efc23197f43a272e434b6638a3be68d27092	3200000000	f	0	0	9223372036854775807
0	65	9223372036854775807	\\x0063abed7543bc3cdd7c719086ee7d5e4f3752faa57444cee979533426e6bddc	3200000000	f	0	0	9223372036854775807
0	66	9223372036854775807	\\x005f40a0ba05cba091bd7eb8f0ef64e8668ee5ecfa1e40f5f30ccdd999f7495f	3200000000	f	0	0	9223372036854775807
0	67	9223372036854775807	\\x008562c28cf962716e7b505fb81b7a3cd600d5eb6728e3ed34b67056fe3c1111	3200000000	f	0	0	9223372036854775807
0	68	9223372036854775807	\\x00d136c348d2cad789fe48568ab5a9d5ab270d6de59ea010cb82966291b16a98	3200000000	f	0	0	9223372036854775807
0	69	9223372036854775807	\\x0027535e09de4d03a223927219e62e452bcacda43d996da2965eb516f91e6dfb	3200000000	f	0	0	9223372036854775807
1	0	9223372036854775807	\\x0012608fe6f665bc94179054e40fa04204e438fc54af6008c94ab69f04b04df9	3200000000	f	0	0	9223372036854775807
1	1	9223372036854775807	\\x00b548915b099d1aaceab5bfccfaf24f06cf6c05dcbc699aba9cb2a3e7c2ef42	3200000000	f	0	0	9223372036854775807
1	2	9223372036854775807	\\x0075d96ddfe5f6e2acf38fcabd34c434d9d36125ad87a886894385944600519b	3200000000	f	0	0	9223372036854775807
1	3	9223372036854775807	\\x00aae79d32808f637e499ef10a03d70f1e2a50d2020478fec223686250453e33	3200000000	f	0	0	9223372036854775807
1	4	9223372036854775807	\\x00dd038cc6c36f4c76802f26eda95507a4046ba6347870298e5fe752ec56864e	3200000000	f	0	0	9223372036854775807
1	5	9223372036854775807	\\x000b257f7fee86cb7968121fd3649e4315207c7e9d665b82ad54cf73ff0b4d23	3200000000	f	0	0	9223372036854775807
1	6	9223372036854775807	\\x001ebe4904996d98651b8b09d2bc27f4026d495d83e45cbcc58c1eec6b3bfc21	3200000000	f	0	0	9223372036854775807
1	7	9223372036854775807	\\x0036d4e3a1ee97e1ccd998cf2b5c7af186616502d4868fa1f6b4865aa3776005	3200000000	f	0	0	9223372036854775807
1	8	9223372036854775807	\\x00ff6f57236caf7fbeb400aa3f1ea544ae0b560ac51daa607f48497628fba0d9	3200000000	f	0	0	9223372036854775807
1	9	9223372036854775807	\\x009552b12797444d3fb293d0ece204aecced6a7c2de4cc72871dd79d45a50273	3200000000	f	0	0	9223372036854775807
1	10	9223372036854775807	\\x00ecc555edeeacc5051c3a9592094166ad112f7f103e5e5ea57bc1c8718360c6	3200000000	f	0	0	9223372036854775807
1	11	9223372036854775807	\\x00b9438be222abcd00ee2c17ff3d7c69f6c6eefc3f21a4ee22ee30489560c178	3200000000	f	0	0	9223372036854775807
1	12	9223372036854775807	\\x00eb773b18804ee37ba56187faf730b689065bd89ba3a484914ee761cfbe550c	3200000000	f	0	0	9223372036854775807
1	13	9223372036854775807	\\x00a0b00658db7215fc3a53236cb4d940085513ce4464c9ddcd0c3c22a5365044	3200000000	f	0	0	9223372036854775807
1	14	9223372036854775807	\\x0023b0977b9569fdd19133e18f4bfeec8fe7a4e8a0cf481c070cef9a4b1aecd6	3200000000	f	0	0	9223372036854775807
1	15	9223372036854775807	\\x0073300f0a80f8190dcff0af94fbb6765fa73de04365d7d03610652bee5426be	3200000000	f	0	0	9223372036854775807
1	16	9223372036854775807	\\x0044d03911e32c29f0817ad6153af522d671de54b102adc994f50c8aa556ecc5	3200000000	f	0	0	9223372036854775807
1	17	9223372036854775807	\\x00076bc3f04e7a42e54fd18a25c7902f54138d351ff2ff0a87b8fbf1cd83e35a	3200000000	f	0	0	9223372036854775807
1	18	9223372036854775807	\\x00e14905998efbf1d82eb5c47f25684716d059d9f80331f6e4c4c477881b467e	3200000000	f	0	0	9223372036854775807
1	19	9223372036854775807	\\x00ed6ec0033c1ef42314e6f40eb04b635897478cbfa32fc6be0d7992d7b294f9	3200000000	f	0	0	9223372036854775807
1	20	9223372036854775807	\\x008bb4346fa48e300f9c7b2b1a85448f2f178246a041303dac635b6a7bc46877	3200000000	f	0	0	9223372036854775807
1	21	9223372036854775807	\\x00ef339df23329386fc214165b6cd633d97a1fa8251c4624499d6d964d140b99	3200000000	f	0	0	9223372036854775807
1	22	9223372036854775807	\\x00b8d07966db10406e929c8c8b911e9bc23c127aac0f6e65195d182649f69604	3200000000	f	0	0	9223372036854775807
1	23	9223372036854775807	\\x00d3c27e2f6ae6348f0c82b2a9376a44668bf6040a6545301b5d296d08a745de	3200000000	f	0	0	9223372036854775807
1	24	9223372036854775807	\\x00e2b15890d711a77b3a7b83acb27d4f1daf7d9f92e31430ec88b9a64dfe33d3	3200000000	f	0	0	9223372036854775807
1	25	9223372036854775807	\\x00d3966112f2447b3377d5d663fe4a4672a69210ec7b0756bb610b8524049fdc	3200000000	f	0	0	9223372036854775807
1	26	9223372036854775807	\\x00c62e068a8a0b195313caf9cce1dc35709a442818d13987ce5046c275269b2d	3200000000	f	0	0	9223372036854775807
1	27	9223372036854775807	\\x000d7a32177d56e9c9675d9a295b8500361e4aa4ca473d9322effc18b6eb1e7f	3200000000	f	0	0	9223372036854775807
1	28	9223372036854775807	\\x002f198b9b66c1a2c39ce5e4af1a17abb615284b25046ccb84a4a7c7205eb634	3200000000	f	0	0	9223372036854775807
1	29	9223372036854775807	\\x001e51e8cd5170fe1a4dd04d228b9f7320a86d93004132e3009ebe1e5cb3daba	3200000000	f	0	0	9223372036854775807
1	30	9223372036854775807	\\x0016fd38df449703812ed07407046475c56b8c9b64c0b944046e1a372136c649	3200000000	f	0	0	9223372036854775807
1	31	9223372036854775807	\\x0064c2d3e18fc051d1ee8bda82bebb0a0863b28d7fe67ee86e767d37f0da29b1	3200000000	f	0	0	9223372036854775807
1	32	9223372036854775807	\\x00be59b2b33197115ceded3cfb64946693d8ca13b72e4c0102bc5ae772176491	3200000000	f	0	0	9223372036854775807
1	33	9223372036854775807	\\x00ee7f7c581cfb604d5e88b8737f1b6030a4e14046a2031e6092d58ac62b0110	3200000000	f	0	0	9223372036854775807
1	34	9223372036854775807	\\x001b503742401b5c7300a494c57d05fd1bca9cfc9a5cf59d63d1c62e9f098326	3200000000	f	0	0	9223372036854775807
1	35	9223372036854775807	\\x00518deabb16f24f2a8b7b08b779da5fe42681d8dabdf43c156a067079f51126	3200000000	f	0	0	9223372036854775807
1	36	9223372036854775807	\\x0085bd08e525743e3c62a93be2e07a47d0a8559a3a0d2512487cd66aa9cd388e	3200000000	f	0	0	9223372036854775807
1	37	9223372036854775807	\\x00e23b5bbfb9bffe1ff3a1e90676a4c65d5a4d30d19821eab89bc839c29c21b7	3200000000	f	0	0	9223372036854775807
1	38	9223372036854775807	\\x00ab42c5ba8012534d7e3c25a6c4b1c8f547be98d0b460d5fda68b3f10f69947	3200000000	f	0	0	9223372036854775807
1	39	9223372036854775807	\\x00b88032b07655e9c74d312fc62798573d5a31fb18d81bd4ae459ba036eb6563	3200000000	f	0	0	9223372036854775807
1	40	9223372036854775807	\\x00b0ec89179cb301cbf33f3d06d633b135195e9a7887e84c5d2699ff84e8f65c	3200000000	f	0	0	9223372036854775807
1	41	9223372036854775807	\\x001b5b728de1a2c1e99fcc1a1279d0a3d1e03b5c62c9741557099284403fbf35	3200000000	f	0	0	9223372036854775807
1	42	9223372036854775807	\\x00effdb0b99bec4fb279e5569b835d4ea92e04081874af81f1d24fd4455632d8	3200000000	f	0	0	9223372036854775807
1	43	9223372036854775807	\\x00c0a8bf054608c9b4a2e39c204d8759252812509b83766b018fe5a5e080b2ec	3200000000	f	0	0	9223372036854775807
1	44	9223372036854775807	\\x0093a1c2b2f88c33f92670eb3df4bb8e124b579413fa2a2398b9a4cd65a369f2	3200000000	f	0	0	9223372036854775807
1	45	9223372036854775807	\\x00c0e51e955faebdd27b4d16362a69540fc1ad9e65256b9e8e9f7eb60d31e087	3200000000	f	0	0	9223372036854775807
1	46	9223372036854775807	\\x00f524bee2c648bb3e10b73c32fcb2730803385fb56f7976fa0f61c2bf4c8b88	3200000000	f	0	0	9223372036854775807
1	47	9223372036854775807	\\x00db285c06e3678c9a8bf4dee4722876f2e8dc0484fcdf4ff5e51d3a35e9e669	3200000000	f	0	0	9223372036854775807
1	48	9223372036854775807	\\x00bf06c715d1c28d72a443299d926b46d3ac5e87dcb74e08b6072de3b5bd3e59	3200000000	f	0	0	9223372036854775807
1	49	9223372036854775807	\\x0016e44780b8f8b7b56d8eecd268756ab6d1d101034395c305835ddd4a5fd7b0	3200000000	f	0	0	9223372036854775807
1	50	9223372036854775807	\\x00ece8a2ec2fc862a8d7b76026e8bd853acb4f6a6e618dd779569c772d745db0	3200000000	f	0	0	9223372036854775807
1	51	9223372036854775807	\\x0000a2c8c557470d131c1aa45d99c74675bf1f39cc81f534ff5f04bcc8a7b857	3200000000	f	0	0	9223372036854775807
1	52	9223372036854775807	\\x00c2c6fe121ba2475e1df618c6520983eab007e9883e6823f923b965553d4ebe	3200000000	f	0	0	9223372036854775807
1	53	9223372036854775807	\\x00da9d2204a9d2bdcee097b1c6769cf1355da128b8f21b6ca7d03eb82a34a1d1	3200000000	f	0	0	9223372036854775807
1	54	9223372036854775807	\\x001c6a68e1a0fb917895e062a38d6abbad47c87a66d505d9d8bd2cb437a8325c	3200000000	f	0	0	9223372036854775807
1	55	9223372036854775807	\\x0066ecd61b490101ef4e8f5fcf7d24518dcd53d1227fad5afb5ccd64b7d6a1dd	3200000000	f	0	0	9223372036854775807
1	56	9223372036854775807	\\x003c445ea2e74c3ffeffa16c60e63ee571954caf8b902a19944bfed86bff95dc	3200000000	f	0	0	9223372036854775807
1	57	9223372036854775807	\\x00e9b451618eb17d6957c0f4cae736df872ecdb6f330054589eb670f13ae6200	3200000000	f	0	0	9223372036854775807
1	58	9223372036854775807	\\x00095083a5615722d66c459ef1ca5df104431b5848162add0ee252348f62bdf7	3200000000	f	0	0	9223372036854775807
1	59	9223372036854775807	\\x00df9835aaaeb4b63b7f6630ec822e67e79679e14afea6bd32d1c59377c366d9	3200000000	f	0	0	9223372036854775807
1	60	9223372036854775807	\\x002b1cf5eaf5ab28cbeda333575b6748293a22465950148612879936c9aaceef	3200000000	f	0	0	9223372036854775807
1	61	9223372036854775807	\\x000c575e24370cd996c38cb0e574ebf38c24ae8c093bdd621466ea12a761bb28	3200000000	f	0	0	9223372036854775807
1	62	9223372036854775807	\\x00b4a8343261b35f9907340523c8d902bbffd8513787221146f69ce4f2ad5c04	3200000000	f	0	0	9223372036854775807
1	63	9223372036854775807	\\x00723575a89006648235d918c904a731f7b9f3500572626e16e254232aacaabe	3200000000	f	0	0	9223372036854775807
1	64	9223372036854775807	\\x00736276c4082079fcc8b996a242efc23197f43a272e434b6638a3be68d27092	3200000000	f	0	0	9223372036854775807
1	65	9223372036854775807	\\x0063abed7543bc3cdd7c719086ee7d5e4f3752faa57444cee979533426e6bddc	3200000000	f	0	0	9223372036854775807
1	66	9223372036854775807	\\x005f40a0ba05cba091bd7eb8f0ef64e8668ee5ecfa1e40f5f30ccdd999f7495f	3200000000	f	0	0	9223372036854775807
1	67	9223372036854775807	\\x008562c28cf962716e7b505fb81b7a3cd600d5eb6728e3ed34b67056fe3c1111	3200000000	f	0	0	9223372036854775807
1	68	9223372036854775807	\\x00d136c348d2cad789fe48568ab5a9d5ab270d6de59ea010cb82966291b16a98	3200000000	f	0	0	9223372036854775807
1	69	9223372036854775807	\\x0027535e09de4d03a223927219e62e452bcacda43d996da2965eb516f91e6dfb	3200000000	f	0	0	9223372036854775807
3	0	9223372036854775807	\\x0012608fe6f665bc94179054e40fa04204e438fc54af6008c94ab69f04b04df9	3200000000	f	0	0	9223372036854775807
3	1	9223372036854775807	\\x00b548915b099d1aaceab5bfccfaf24f06cf6c05dcbc699aba9cb2a3e7c2ef42	3200000000	f	0	0	9223372036854775807
3	2	9223372036854775807	\\x0075d96ddfe5f6e2acf38fcabd34c434d9d36125ad87a886894385944600519b	3200000000	f	0	0	9223372036854775807
3	3	9223372036854775807	\\x00aae79d32808f637e499ef10a03d70f1e2a50d2020478fec223686250453e33	3200000000	f	0	0	9223372036854775807
3	4	9223372036854775807	\\x00dd038cc6c36f4c76802f26eda95507a4046ba6347870298e5fe752ec56864e	3200000000	f	0	0	9223372036854775807
3	5	9223372036854775807	\\x000b257f7fee86cb7968121fd3649e4315207c7e9d665b82ad54cf73ff0b4d23	3200000000	f	0	0	9223372036854775807
3	6	9223372036854775807	\\x001ebe4904996d98651b8b09d2bc27f4026d495d83e45cbcc58c1eec6b3bfc21	3200000000	f	0	0	9223372036854775807
3	7	9223372036854775807	\\x0036d4e3a1ee97e1ccd998cf2b5c7af186616502d4868fa1f6b4865aa3776005	3200000000	f	0	0	9223372036854775807
3	8	9223372036854775807	\\x00ff6f57236caf7fbeb400aa3f1ea544ae0b560ac51daa607f48497628fba0d9	3200000000	f	0	0	9223372036854775807
3	9	9223372036854775807	\\x009552b12797444d3fb293d0ece204aecced6a7c2de4cc72871dd79d45a50273	3200000000	f	0	0	9223372036854775807
3	10	9223372036854775807	\\x00ecc555edeeacc5051c3a9592094166ad112f7f103e5e5ea57bc1c8718360c6	3200000000	f	0	0	9223372036854775807
3	11	9223372036854775807	\\x00b9438be222abcd00ee2c17ff3d7c69f6c6eefc3f21a4ee22ee30489560c178	3200000000	f	0	0	9223372036854775807
3	12	9223372036854775807	\\x00eb773b18804ee37ba56187faf730b689065bd89ba3a484914ee761cfbe550c	3200000000	f	0	0	9223372036854775807
3	13	9223372036854775807	\\x00a0b00658db7215fc3a53236cb4d940085513ce4464c9ddcd0c3c22a5365044	3200000000	f	0	0	9223372036854775807
3	14	9223372036854775807	\\x0023b0977b9569fdd19133e18f4bfeec8fe7a4e8a0cf481c070cef9a4b1aecd6	3200000000	f	0	0	9223372036854775807
3	15	9223372036854775807	\\x0073300f0a80f8190dcff0af94fbb6765fa73de04365d7d03610652bee5426be	3200000000	f	0	0	9223372036854775807
3	16	9223372036854775807	\\x0044d03911e32c29f0817ad6153af522d671de54b102adc994f50c8aa556ecc5	3200000000	f	0	0	9223372036854775807
3	17	9223372036854775807	\\x00076bc3f04e7a42e54fd18a25c7902f54138d351ff2ff0a87b8fbf1cd83e35a	3200000000	f	0	0	9223372036854775807
3	18	9223372036854775807	\\x00e14905998efbf1d82eb5c47f25684716d059d9f80331f6e4c4c477881b467e	3200000000	f	0	0	9223372036854775807
3	19	9223372036854775807	\\x00ed6ec0033c1ef42314e6f40eb04b635897478cbfa32fc6be0d7992d7b294f9	3200000000	f	0	0	9223372036854775807
3	20	9223372036854775807	\\x008bb4346fa48e300f9c7b2b1a85448f2f178246a041303dac635b6a7bc46877	3200000000	f	0	0	9223372036854775807
3	21	9223372036854775807	\\x00ef339df23329386fc214165b6cd633d97a1fa8251c4624499d6d964d140b99	3200000000	f	0	0	9223372036854775807
3	22	9223372036854775807	\\x00b8d07966db10406e929c8c8b911e9bc23c127aac0f6e65195d182649f69604	3200000000	f	0	0	9223372036854775807
3	23	9223372036854775807	\\x00d3c27e2f6ae6348f0c82b2a9376a44668bf6040a6545301b5d296d08a745de	3200000000	f	0	0	9223372036854775807
3	24	9223372036854775807	\\x00e2b15890d711a77b3a7b83acb27d4f1daf7d9f92e31430ec88b9a64dfe33d3	3200000000	f	0	0	9223372036854775807
3	25	9223372036854775807	\\x00d3966112f2447b3377d5d663fe4a4672a69210ec7b0756bb610b8524049fdc	3200000000	f	0	0	9223372036854775807
3	26	9223372036854775807	\\x00c62e068a8a0b195313caf9cce1dc35709a442818d13987ce5046c275269b2d	3200000000	f	0	0	9223372036854775807
3	27	9223372036854775807	\\x000d7a32177d56e9c9675d9a295b8500361e4aa4ca473d9322effc18b6eb1e7f	3200000000	f	0	0	9223372036854775807
3	28	9223372036854775807	\\x002f198b9b66c1a2c39ce5e4af1a17abb615284b25046ccb84a4a7c7205eb634	3200000000	f	0	0	9223372036854775807
3	29	9223372036854775807	\\x001e51e8cd5170fe1a4dd04d228b9f7320a86d93004132e3009ebe1e5cb3daba	3200000000	f	0	0	9223372036854775807
3	30	9223372036854775807	\\x0016fd38df449703812ed07407046475c56b8c9b64c0b944046e1a372136c649	3200000000	f	0	0	9223372036854775807
3	31	9223372036854775807	\\x0064c2d3e18fc051d1ee8bda82bebb0a0863b28d7fe67ee86e767d37f0da29b1	3200000000	f	0	0	9223372036854775807
3	32	9223372036854775807	\\x00be59b2b33197115ceded3cfb64946693d8ca13b72e4c0102bc5ae772176491	3200000000	f	0	0	9223372036854775807
3	33	9223372036854775807	\\x00ee7f7c581cfb604d5e88b8737f1b6030a4e14046a2031e6092d58ac62b0110	3200000000	f	0	0	9223372036854775807
3	34	9223372036854775807	\\x001b503742401b5c7300a494c57d05fd1bca9cfc9a5cf59d63d1c62e9f098326	3200000000	f	0	0	9223372036854775807
3	35	9223372036854775807	\\x00518deabb16f24f2a8b7b08b779da5fe42681d8dabdf43c156a067079f51126	3200000000	f	0	0	9223372036854775807
3	36	9223372036854775807	\\x0085bd08e525743e3c62a93be2e07a47d0a8559a3a0d2512487cd66aa9cd388e	3200000000	f	0	0	9223372036854775807
3	37	9223372036854775807	\\x00e23b5bbfb9bffe1ff3a1e90676a4c65d5a4d30d19821eab89bc839c29c21b7	3200000000	f	0	0	9223372036854775807
3	38	9223372036854775807	\\x00ab42c5ba8012534d7e3c25a6c4b1c8f547be98d0b460d5fda68b3f10f69947	3200000000	f	0	0	9223372036854775807
3	39	9223372036854775807	\\x00b88032b07655e9c74d312fc62798573d5a31fb18d81bd4ae459ba036eb6563	3200000000	f	0	0	9223372036854775807
3	40	9223372036854775807	\\x00b0ec89179cb301cbf33f3d06d633b135195e9a7887e84c5d2699ff84e8f65c	3200000000	f	0	0	9223372036854775807
3	41	9223372036854775807	\\x001b5b728de1a2c1e99fcc1a1279d0a3d1e03b5c62c9741557099284403fbf35	3200000000	f	0	0	9223372036854775807
3	42	9223372036854775807	\\x00effdb0b99bec4fb279e5569b835d4ea92e04081874af81f1d24fd4455632d8	3200000000	f	0	0	9223372036854775807
3	43	9223372036854775807	\\x00c0a8bf054608c9b4a2e39c204d8759252812509b83766b018fe5a5e080b2ec	3200000000	f	0	0	9223372036854775807
3	44	9223372036854775807	\\x0093a1c2b2f88c33f92670eb3df4bb8e124b579413fa2a2398b9a4cd65a369f2	3200000000	f	0	0	9223372036854775807
3	45	9223372036854775807	\\x00c0e51e955faebdd27b4d16362a69540fc1ad9e65256b9e8e9f7eb60d31e087	3200000000	f	0	0	9223372036854775807
3	46	9223372036854775807	\\x00f524bee2c648bb3e10b73c32fcb2730803385fb56f7976fa0f61c2bf4c8b88	3200000000	f	0	0	9223372036854775807
3	47	9223372036854775807	\\x00db285c06e3678c9a8bf4dee4722876f2e8dc0484fcdf4ff5e51d3a35e9e669	3200000000	f	0	0	9223372036854775807
3	48	9223372036854775807	\\x00bf06c715d1c28d72a443299d926b46d3ac5e87dcb74e08b6072de3b5bd3e59	3200000000	f	0	0	9223372036854775807
3	49	9223372036854775807	\\x0016e44780b8f8b7b56d8eecd268756ab6d1d101034395c305835ddd4a5fd7b0	3200000000	f	0	0	9223372036854775807
3	50	9223372036854775807	\\x00ece8a2ec2fc862a8d7b76026e8bd853acb4f6a6e618dd779569c772d745db0	3200000000	f	0	0	9223372036854775807
3	51	9223372036854775807	\\x0000a2c8c557470d131c1aa45d99c74675bf1f39cc81f534ff5f04bcc8a7b857	3200000000	f	0	0	9223372036854775807
3	52	9223372036854775807	\\x00c2c6fe121ba2475e1df618c6520983eab007e9883e6823f923b965553d4ebe	3200000000	f	0	0	9223372036854775807
3	53	9223372036854775807	\\x00da9d2204a9d2bdcee097b1c6769cf1355da128b8f21b6ca7d03eb82a34a1d1	3200000000	f	0	0	9223372036854775807
3	54	9223372036854775807	\\x001c6a68e1a0fb917895e062a38d6abbad47c87a66d505d9d8bd2cb437a8325c	3200000000	f	0	0	9223372036854775807
2	0	9223372036854775807	\\x0012608fe6f665bc94179054e40fa04204e438fc54af6008c94ab69f04b04df9	3200000000	f	0	0	9223372036854775807
2	1	9223372036854775807	\\x00b548915b099d1aaceab5bfccfaf24f06cf6c05dcbc699aba9cb2a3e7c2ef42	3200000000	f	0	0	9223372036854775807
2	2	9223372036854775807	\\x0075d96ddfe5f6e2acf38fcabd34c434d9d36125ad87a886894385944600519b	3200000000	f	0	0	9223372036854775807
2	3	9223372036854775807	\\x00aae79d32808f637e499ef10a03d70f1e2a50d2020478fec223686250453e33	3200000000	f	0	0	9223372036854775807
2	4	9223372036854775807	\\x00dd038cc6c36f4c76802f26eda95507a4046ba6347870298e5fe752ec56864e	3200000000	f	0	0	9223372036854775807
2	5	9223372036854775807	\\x000b257f7fee86cb7968121fd3649e4315207c7e9d665b82ad54cf73ff0b4d23	3200000000	f	0	0	9223372036854775807
2	6	9223372036854775807	\\x001ebe4904996d98651b8b09d2bc27f4026d495d83e45cbcc58c1eec6b3bfc21	3200000000	f	0	0	9223372036854775807
2	7	9223372036854775807	\\x0036d4e3a1ee97e1ccd998cf2b5c7af186616502d4868fa1f6b4865aa3776005	3200000000	f	0	0	9223372036854775807
2	8	9223372036854775807	\\x00ff6f57236caf7fbeb400aa3f1ea544ae0b560ac51daa607f48497628fba0d9	3200000000	f	0	0	9223372036854775807
2	9	9223372036854775807	\\x009552b12797444d3fb293d0ece204aecced6a7c2de4cc72871dd79d45a50273	3200000000	f	0	0	9223372036854775807
2	10	9223372036854775807	\\x00ecc555edeeacc5051c3a9592094166ad112f7f103e5e5ea57bc1c8718360c6	3200000000	f	0	0	9223372036854775807
2	11	9223372036854775807	\\x00b9438be222abcd00ee2c17ff3d7c69f6c6eefc3f21a4ee22ee30489560c178	3200000000	f	0	0	9223372036854775807
2	12	9223372036854775807	\\x00eb773b18804ee37ba56187faf730b689065bd89ba3a484914ee761cfbe550c	3200000000	f	0	0	9223372036854775807
2	13	9223372036854775807	\\x00a0b00658db7215fc3a53236cb4d940085513ce4464c9ddcd0c3c22a5365044	3200000000	f	0	0	9223372036854775807
2	14	9223372036854775807	\\x0023b0977b9569fdd19133e18f4bfeec8fe7a4e8a0cf481c070cef9a4b1aecd6	3200000000	f	0	0	9223372036854775807
2	15	9223372036854775807	\\x0073300f0a80f8190dcff0af94fbb6765fa73de04365d7d03610652bee5426be	3200000000	f	0	0	9223372036854775807
2	16	9223372036854775807	\\x0044d03911e32c29f0817ad6153af522d671de54b102adc994f50c8aa556ecc5	3200000000	f	0	0	9223372036854775807
2	17	9223372036854775807	\\x00076bc3f04e7a42e54fd18a25c7902f54138d351ff2ff0a87b8fbf1cd83e35a	3200000000	f	0	0	9223372036854775807
2	18	9223372036854775807	\\x00e14905998efbf1d82eb5c47f25684716d059d9f80331f6e4c4c477881b467e	3200000000	f	0	0	9223372036854775807
2	19	9223372036854775807	\\x00ed6ec0033c1ef42314e6f40eb04b635897478cbfa32fc6be0d7992d7b294f9	3200000000	f	0	0	9223372036854775807
2	20	9223372036854775807	\\x008bb4346fa48e300f9c7b2b1a85448f2f178246a041303dac635b6a7bc46877	3200000000	f	0	0	9223372036854775807
2	21	9223372036854775807	\\x00ef339df23329386fc214165b6cd633d97a1fa8251c4624499d6d964d140b99	3200000000	f	0	0	9223372036854775807
2	22	9223372036854775807	\\x00b8d07966db10406e929c8c8b911e9bc23c127aac0f6e65195d182649f69604	3200000000	f	0	0	9223372036854775807
2	23	9223372036854775807	\\x00d3c27e2f6ae6348f0c82b2a9376a44668bf6040a6545301b5d296d08a745de	3200000000	f	0	0	9223372036854775807
2	24	9223372036854775807	\\x00e2b15890d711a77b3a7b83acb27d4f1daf7d9f92e31430ec88b9a64dfe33d3	3200000000	f	0	0	9223372036854775807
2	25	9223372036854775807	\\x00d3966112f2447b3377d5d663fe4a4672a69210ec7b0756bb610b8524049fdc	3200000000	f	0	0	9223372036854775807
2	26	9223372036854775807	\\x00c62e068a8a0b195313caf9cce1dc35709a442818d13987ce5046c275269b2d	3200000000	f	0	0	9223372036854775807
2	27	9223372036854775807	\\x000d7a32177d56e9c9675d9a295b8500361e4aa4ca473d9322effc18b6eb1e7f	3200000000	f	0	0	9223372036854775807
2	28	9223372036854775807	\\x002f198b9b66c1a2c39ce5e4af1a17abb615284b25046ccb84a4a7c7205eb634	3200000000	f	0	0	9223372036854775807
2	29	9223372036854775807	\\x001e51e8cd5170fe1a4dd04d228b9f7320a86d93004132e3009ebe1e5cb3daba	3200000000	f	0	0	9223372036854775807
2	30	9223372036854775807	\\x0016fd38df449703812ed07407046475c56b8c9b64c0b944046e1a372136c649	3200000000	f	0	0	9223372036854775807
2	31	9223372036854775807	\\x0064c2d3e18fc051d1ee8bda82bebb0a0863b28d7fe67ee86e767d37f0da29b1	3200000000	f	0	0	9223372036854775807
2	32	9223372036854775807	\\x00be59b2b33197115ceded3cfb64946693d8ca13b72e4c0102bc5ae772176491	3200000000	f	0	0	9223372036854775807
2	33	9223372036854775807	\\x00ee7f7c581cfb604d5e88b8737f1b6030a4e14046a2031e6092d58ac62b0110	3200000000	f	0	0	9223372036854775807
2	34	9223372036854775807	\\x001b503742401b5c7300a494c57d05fd1bca9cfc9a5cf59d63d1c62e9f098326	3200000000	f	0	0	9223372036854775807
2	35	9223372036854775807	\\x00518deabb16f24f2a8b7b08b779da5fe42681d8dabdf43c156a067079f51126	3200000000	f	0	0	9223372036854775807
2	36	9223372036854775807	\\x0085bd08e525743e3c62a93be2e07a47d0a8559a3a0d2512487cd66aa9cd388e	3200000000	f	0	0	9223372036854775807
2	37	9223372036854775807	\\x00e23b5bbfb9bffe1ff3a1e90676a4c65d5a4d30d19821eab89bc839c29c21b7	3200000000	f	0	0	9223372036854775807
2	38	9223372036854775807	\\x00ab42c5ba8012534d7e3c25a6c4b1c8f547be98d0b460d5fda68b3f10f69947	3200000000	f	0	0	9223372036854775807
2	39	9223372036854775807	\\x00b88032b07655e9c74d312fc62798573d5a31fb18d81bd4ae459ba036eb6563	3200000000	f	0	0	9223372036854775807
2	40	9223372036854775807	\\x00b0ec89179cb301cbf33f3d06d633b135195e9a7887e84c5d2699ff84e8f65c	3200000000	f	0	0	9223372036854775807
2	41	9223372036854775807	\\x001b5b728de1a2c1e99fcc1a1279d0a3d1e03b5c62c9741557099284403fbf35	3200000000	f	0	0	9223372036854775807
2	42	9223372036854775807	\\x00effdb0b99bec4fb279e5569b835d4ea92e04081874af81f1d24fd4455632d8	3200000000	f	0	0	9223372036854775807
2	43	9223372036854775807	\\x00c0a8bf054608c9b4a2e39c204d8759252812509b83766b018fe5a5e080b2ec	3200000000	f	0	0	9223372036854775807
2	44	9223372036854775807	\\x0093a1c2b2f88c33f92670eb3df4bb8e124b579413fa2a2398b9a4cd65a369f2	3200000000	f	0	0	9223372036854775807
2	45	9223372036854775807	\\x00c0e51e955faebdd27b4d16362a69540fc1ad9e65256b9e8e9f7eb60d31e087	3200000000	f	0	0	9223372036854775807
2	46	9223372036854775807	\\x00f524bee2c648bb3e10b73c32fcb2730803385fb56f7976fa0f61c2bf4c8b88	3200000000	f	0	0	9223372036854775807
2	47	9223372036854775807	\\x00db285c06e3678c9a8bf4dee4722876f2e8dc0484fcdf4ff5e51d3a35e9e669	3200000000	f	0	0	9223372036854775807
2	48	9223372036854775807	\\x00bf06c715d1c28d72a443299d926b46d3ac5e87dcb74e08b6072de3b5bd3e59	3200000000	f	0	0	9223372036854775807
2	49	9223372036854775807	\\x0016e44780b8f8b7b56d8eecd268756ab6d1d101034395c305835ddd4a5fd7b0	3200000000	f	0	0	9223372036854775807
2	50	9223372036854775807	\\x00ece8a2ec2fc862a8d7b76026e8bd853acb4f6a6e618dd779569c772d745db0	3200000000	f	0	0	9223372036854775807
2	51	9223372036854775807	\\x0000a2c8c557470d131c1aa45d99c74675bf1f39cc81f534ff5f04bcc8a7b857	3200000000	f	0	0	9223372036854775807
2	52	9223372036854775807	\\x00c2c6fe121ba2475e1df618c6520983eab007e9883e6823f923b965553d4ebe	3200000000	f	0	0	9223372036854775807
2	53	9223372036854775807	\\x00da9d2204a9d2bdcee097b1c6769cf1355da128b8f21b6ca7d03eb82a34a1d1	3200000000	f	0	0	9223372036854775807
2	54	9223372036854775807	\\x001c6a68e1a0fb917895e062a38d6abbad47c87a66d505d9d8bd2cb437a8325c	3200000000	f	0	0	9223372036854775807
2	55	9223372036854775807	\\x0066ecd61b490101ef4e8f5fcf7d24518dcd53d1227fad5afb5ccd64b7d6a1dd	3200000000	f	0	0	9223372036854775807
2	56	9223372036854775807	\\x003c445ea2e74c3ffeffa16c60e63ee571954caf8b902a19944bfed86bff95dc	3200000000	f	0	0	9223372036854775807
2	57	9223372036854775807	\\x00e9b451618eb17d6957c0f4cae736df872ecdb6f330054589eb670f13ae6200	3200000000	f	0	0	9223372036854775807
2	58	9223372036854775807	\\x00095083a5615722d66c459ef1ca5df104431b5848162add0ee252348f62bdf7	3200000000	f	0	0	9223372036854775807
2	59	9223372036854775807	\\x00df9835aaaeb4b63b7f6630ec822e67e79679e14afea6bd32d1c59377c366d9	3200000000	f	0	0	9223372036854775807
2	60	9223372036854775807	\\x002b1cf5eaf5ab28cbeda333575b6748293a22465950148612879936c9aaceef	3200000000	f	0	0	9223372036854775807
2	61	9223372036854775807	\\x000c575e24370cd996c38cb0e574ebf38c24ae8c093bdd621466ea12a761bb28	3200000000	f	0	0	9223372036854775807
2	62	9223372036854775807	\\x00b4a8343261b35f9907340523c8d902bbffd8513787221146f69ce4f2ad5c04	3200000000	f	0	0	9223372036854775807
2	63	9223372036854775807	\\x00723575a89006648235d918c904a731f7b9f3500572626e16e254232aacaabe	3200000000	f	0	0	9223372036854775807
2	64	9223372036854775807	\\x00736276c4082079fcc8b996a242efc23197f43a272e434b6638a3be68d27092	3200000000	f	0	0	9223372036854775807
2	65	9223372036854775807	\\x0063abed7543bc3cdd7c719086ee7d5e4f3752faa57444cee979533426e6bddc	3200000000	f	0	0	9223372036854775807
2	66	9223372036854775807	\\x005f40a0ba05cba091bd7eb8f0ef64e8668ee5ecfa1e40f5f30ccdd999f7495f	3200000000	f	0	0	9223372036854775807
2	67	9223372036854775807	\\x008562c28cf962716e7b505fb81b7a3cd600d5eb6728e3ed34b67056fe3c1111	3200000000	f	0	0	9223372036854775807
2	68	9223372036854775807	\\x00d136c348d2cad789fe48568ab5a9d5ab270d6de59ea010cb82966291b16a98	3200000000	f	0	0	9223372036854775807
2	69	9223372036854775807	\\x0027535e09de4d03a223927219e62e452bcacda43d996da2965eb516f91e6dfb	3200000000	f	0	0	9223372036854775807
4	0	9223372036854775807	\\x0012608fe6f665bc94179054e40fa04204e438fc54af6008c94ab69f04b04df9	3200000000	f	0	0	9223372036854775807
4	1	9223372036854775807	\\x00b548915b099d1aaceab5bfccfaf24f06cf6c05dcbc699aba9cb2a3e7c2ef42	3200000000	f	0	0	9223372036854775807
4	2	9223372036854775807	\\x0075d96ddfe5f6e2acf38fcabd34c434d9d36125ad87a886894385944600519b	3200000000	f	0	0	9223372036854775807
4	3	9223372036854775807	\\x00aae79d32808f637e499ef10a03d70f1e2a50d2020478fec223686250453e33	3200000000	f	0	0	9223372036854775807
4	4	9223372036854775807	\\x00dd038cc6c36f4c76802f26eda95507a4046ba6347870298e5fe752ec56864e	3200000000	f	0	0	9223372036854775807
4	5	9223372036854775807	\\x000b257f7fee86cb7968121fd3649e4315207c7e9d665b82ad54cf73ff0b4d23	3200000000	f	0	0	9223372036854775807
4	6	9223372036854775807	\\x001ebe4904996d98651b8b09d2bc27f4026d495d83e45cbcc58c1eec6b3bfc21	3200000000	f	0	0	9223372036854775807
4	7	9223372036854775807	\\x0036d4e3a1ee97e1ccd998cf2b5c7af186616502d4868fa1f6b4865aa3776005	3200000000	f	0	0	9223372036854775807
4	8	9223372036854775807	\\x00ff6f57236caf7fbeb400aa3f1ea544ae0b560ac51daa607f48497628fba0d9	3200000000	f	0	0	9223372036854775807
4	9	9223372036854775807	\\x009552b12797444d3fb293d0ece204aecced6a7c2de4cc72871dd79d45a50273	3200000000	f	0	0	9223372036854775807
4	10	9223372036854775807	\\x00ecc555edeeacc5051c3a9592094166ad112f7f103e5e5ea57bc1c8718360c6	3200000000	f	0	0	9223372036854775807
4	11	9223372036854775807	\\x00b9438be222abcd00ee2c17ff3d7c69f6c6eefc3f21a4ee22ee30489560c178	3200000000	f	0	0	9223372036854775807
4	12	9223372036854775807	\\x00eb773b18804ee37ba56187faf730b689065bd89ba3a484914ee761cfbe550c	3200000000	f	0	0	9223372036854775807
4	13	9223372036854775807	\\x00a0b00658db7215fc3a53236cb4d940085513ce4464c9ddcd0c3c22a5365044	3200000000	f	0	0	9223372036854775807
4	14	9223372036854775807	\\x0023b0977b9569fdd19133e18f4bfeec8fe7a4e8a0cf481c070cef9a4b1aecd6	3200000000	f	0	0	9223372036854775807
4	15	9223372036854775807	\\x0073300f0a80f8190dcff0af94fbb6765fa73de04365d7d03610652bee5426be	3200000000	f	0	0	9223372036854775807
4	16	9223372036854775807	\\x0044d03911e32c29f0817ad6153af522d671de54b102adc994f50c8aa556ecc5	3200000000	f	0	0	9223372036854775807
4	17	9223372036854775807	\\x00076bc3f04e7a42e54fd18a25c7902f54138d351ff2ff0a87b8fbf1cd83e35a	3200000000	f	0	0	9223372036854775807
4	18	9223372036854775807	\\x00e14905998efbf1d82eb5c47f25684716d059d9f80331f6e4c4c477881b467e	3200000000	f	0	0	9223372036854775807
4	19	9223372036854775807	\\x00ed6ec0033c1ef42314e6f40eb04b635897478cbfa32fc6be0d7992d7b294f9	3200000000	f	0	0	9223372036854775807
4	20	9223372036854775807	\\x008bb4346fa48e300f9c7b2b1a85448f2f178246a041303dac635b6a7bc46877	3200000000	f	0	0	9223372036854775807
4	21	9223372036854775807	\\x00ef339df23329386fc214165b6cd633d97a1fa8251c4624499d6d964d140b99	3200000000	f	0	0	9223372036854775807
4	22	9223372036854775807	\\x00b8d07966db10406e929c8c8b911e9bc23c127aac0f6e65195d182649f69604	3200000000	f	0	0	9223372036854775807
4	23	9223372036854775807	\\x00d3c27e2f6ae6348f0c82b2a9376a44668bf6040a6545301b5d296d08a745de	3200000000	f	0	0	9223372036854775807
4	24	9223372036854775807	\\x00e2b15890d711a77b3a7b83acb27d4f1daf7d9f92e31430ec88b9a64dfe33d3	3200000000	f	0	0	9223372036854775807
4	25	9223372036854775807	\\x00d3966112f2447b3377d5d663fe4a4672a69210ec7b0756bb610b8524049fdc	3200000000	f	0	0	9223372036854775807
4	26	9223372036854775807	\\x00c62e068a8a0b195313caf9cce1dc35709a442818d13987ce5046c275269b2d	3200000000	f	0	0	9223372036854775807
4	27	9223372036854775807	\\x000d7a32177d56e9c9675d9a295b8500361e4aa4ca473d9322effc18b6eb1e7f	3200000000	f	0	0	9223372036854775807
4	28	9223372036854775807	\\x002f198b9b66c1a2c39ce5e4af1a17abb615284b25046ccb84a4a7c7205eb634	3200000000	f	0	0	9223372036854775807
4	29	9223372036854775807	\\x001e51e8cd5170fe1a4dd04d228b9f7320a86d93004132e3009ebe1e5cb3daba	3200000000	f	0	0	9223372036854775807
4	30	9223372036854775807	\\x0016fd38df449703812ed07407046475c56b8c9b64c0b944046e1a372136c649	3200000000	f	0	0	9223372036854775807
4	31	9223372036854775807	\\x0064c2d3e18fc051d1ee8bda82bebb0a0863b28d7fe67ee86e767d37f0da29b1	3200000000	f	0	0	9223372036854775807
4	32	9223372036854775807	\\x00be59b2b33197115ceded3cfb64946693d8ca13b72e4c0102bc5ae772176491	3200000000	f	0	0	9223372036854775807
4	33	9223372036854775807	\\x00ee7f7c581cfb604d5e88b8737f1b6030a4e14046a2031e6092d58ac62b0110	3200000000	f	0	0	9223372036854775807
4	34	9223372036854775807	\\x001b503742401b5c7300a494c57d05fd1bca9cfc9a5cf59d63d1c62e9f098326	3200000000	f	0	0	9223372036854775807
4	35	9223372036854775807	\\x00518deabb16f24f2a8b7b08b779da5fe42681d8dabdf43c156a067079f51126	3200000000	f	0	0	9223372036854775807
4	36	9223372036854775807	\\x0085bd08e525743e3c62a93be2e07a47d0a8559a3a0d2512487cd66aa9cd388e	3200000000	f	0	0	9223372036854775807
4	37	9223372036854775807	\\x00e23b5bbfb9bffe1ff3a1e90676a4c65d5a4d30d19821eab89bc839c29c21b7	3200000000	f	0	0	9223372036854775807
4	38	9223372036854775807	\\x00ab42c5ba8012534d7e3c25a6c4b1c8f547be98d0b460d5fda68b3f10f69947	3200000000	f	0	0	9223372036854775807
4	39	9223372036854775807	\\x00b88032b07655e9c74d312fc62798573d5a31fb18d81bd4ae459ba036eb6563	3200000000	f	0	0	9223372036854775807
4	40	9223372036854775807	\\x00b0ec89179cb301cbf33f3d06d633b135195e9a7887e84c5d2699ff84e8f65c	3200000000	f	0	0	9223372036854775807
4	41	9223372036854775807	\\x001b5b728de1a2c1e99fcc1a1279d0a3d1e03b5c62c9741557099284403fbf35	3200000000	f	0	0	9223372036854775807
4	42	9223372036854775807	\\x00effdb0b99bec4fb279e5569b835d4ea92e04081874af81f1d24fd4455632d8	3200000000	f	0	0	9223372036854775807
4	43	9223372036854775807	\\x00c0a8bf054608c9b4a2e39c204d8759252812509b83766b018fe5a5e080b2ec	3200000000	f	0	0	9223372036854775807
4	44	9223372036854775807	\\x0093a1c2b2f88c33f92670eb3df4bb8e124b579413fa2a2398b9a4cd65a369f2	3200000000	f	0	0	9223372036854775807
4	45	9223372036854775807	\\x00c0e51e955faebdd27b4d16362a69540fc1ad9e65256b9e8e9f7eb60d31e087	3200000000	f	0	0	9223372036854775807
4	46	9223372036854775807	\\x00f524bee2c648bb3e10b73c32fcb2730803385fb56f7976fa0f61c2bf4c8b88	3200000000	f	0	0	9223372036854775807
4	47	9223372036854775807	\\x00db285c06e3678c9a8bf4dee4722876f2e8dc0484fcdf4ff5e51d3a35e9e669	3200000000	f	0	0	9223372036854775807
4	48	9223372036854775807	\\x00bf06c715d1c28d72a443299d926b46d3ac5e87dcb74e08b6072de3b5bd3e59	3200000000	f	0	0	9223372036854775807
4	49	9223372036854775807	\\x0016e44780b8f8b7b56d8eecd268756ab6d1d101034395c305835ddd4a5fd7b0	3200000000	f	0	0	9223372036854775807
4	50	9223372036854775807	\\x00ece8a2ec2fc862a8d7b76026e8bd853acb4f6a6e618dd779569c772d745db0	3200000000	f	0	0	9223372036854775807
4	51	9223372036854775807	\\x0000a2c8c557470d131c1aa45d99c74675bf1f39cc81f534ff5f04bcc8a7b857	3200000000	f	0	0	9223372036854775807
4	52	9223372036854775807	\\x00c2c6fe121ba2475e1df618c6520983eab007e9883e6823f923b965553d4ebe	3200000000	f	0	0	9223372036854775807
4	53	9223372036854775807	\\x00da9d2204a9d2bdcee097b1c6769cf1355da128b8f21b6ca7d03eb82a34a1d1	3200000000	f	0	0	9223372036854775807
4	54	9223372036854775807	\\x001c6a68e1a0fb917895e062a38d6abbad47c87a66d505d9d8bd2cb437a8325c	3200000000	f	0	0	9223372036854775807
4	55	9223372036854775807	\\x0066ecd61b490101ef4e8f5fcf7d24518dcd53d1227fad5afb5ccd64b7d6a1dd	3200000000	f	0	0	9223372036854775807
4	56	9223372036854775807	\\x003c445ea2e74c3ffeffa16c60e63ee571954caf8b902a19944bfed86bff95dc	3200000000	f	0	0	9223372036854775807
4	57	9223372036854775807	\\x00e9b451618eb17d6957c0f4cae736df872ecdb6f330054589eb670f13ae6200	3200000000	f	0	0	9223372036854775807
4	58	9223372036854775807	\\x00095083a5615722d66c459ef1ca5df104431b5848162add0ee252348f62bdf7	3200000000	f	0	0	9223372036854775807
4	59	9223372036854775807	\\x00df9835aaaeb4b63b7f6630ec822e67e79679e14afea6bd32d1c59377c366d9	3200000000	f	0	0	9223372036854775807
3	55	9223372036854775807	\\x0066ecd61b490101ef4e8f5fcf7d24518dcd53d1227fad5afb5ccd64b7d6a1dd	3200000000	f	0	0	9223372036854775807
3	56	9223372036854775807	\\x003c445ea2e74c3ffeffa16c60e63ee571954caf8b902a19944bfed86bff95dc	3200000000	f	0	0	9223372036854775807
3	57	9223372036854775807	\\x00e9b451618eb17d6957c0f4cae736df872ecdb6f330054589eb670f13ae6200	3200000000	f	0	0	9223372036854775807
3	58	9223372036854775807	\\x00095083a5615722d66c459ef1ca5df104431b5848162add0ee252348f62bdf7	3200000000	f	0	0	9223372036854775807
3	59	9223372036854775807	\\x00df9835aaaeb4b63b7f6630ec822e67e79679e14afea6bd32d1c59377c366d9	3200000000	f	0	0	9223372036854775807
3	60	9223372036854775807	\\x002b1cf5eaf5ab28cbeda333575b6748293a22465950148612879936c9aaceef	3200000000	f	0	0	9223372036854775807
3	61	9223372036854775807	\\x000c575e24370cd996c38cb0e574ebf38c24ae8c093bdd621466ea12a761bb28	3200000000	f	0	0	9223372036854775807
3	62	9223372036854775807	\\x00b4a8343261b35f9907340523c8d902bbffd8513787221146f69ce4f2ad5c04	3200000000	f	0	0	9223372036854775807
3	63	9223372036854775807	\\x00723575a89006648235d918c904a731f7b9f3500572626e16e254232aacaabe	3200000000	f	0	0	9223372036854775807
3	64	9223372036854775807	\\x00736276c4082079fcc8b996a242efc23197f43a272e434b6638a3be68d27092	3200000000	f	0	0	9223372036854775807
3	65	9223372036854775807	\\x0063abed7543bc3cdd7c719086ee7d5e4f3752faa57444cee979533426e6bddc	3200000000	f	0	0	9223372036854775807
3	66	9223372036854775807	\\x005f40a0ba05cba091bd7eb8f0ef64e8668ee5ecfa1e40f5f30ccdd999f7495f	3200000000	f	0	0	9223372036854775807
3	67	9223372036854775807	\\x008562c28cf962716e7b505fb81b7a3cd600d5eb6728e3ed34b67056fe3c1111	3200000000	f	0	0	9223372036854775807
3	68	9223372036854775807	\\x00d136c348d2cad789fe48568ab5a9d5ab270d6de59ea010cb82966291b16a98	3200000000	f	0	0	9223372036854775807
3	69	9223372036854775807	\\x0027535e09de4d03a223927219e62e452bcacda43d996da2965eb516f91e6dfb	3200000000	f	0	0	9223372036854775807
4	60	9223372036854775807	\\x002b1cf5eaf5ab28cbeda333575b6748293a22465950148612879936c9aaceef	3200000000	f	0	0	9223372036854775807
4	61	9223372036854775807	\\x000c575e24370cd996c38cb0e574ebf38c24ae8c093bdd621466ea12a761bb28	3200000000	f	0	0	9223372036854775807
4	62	9223372036854775807	\\x00b4a8343261b35f9907340523c8d902bbffd8513787221146f69ce4f2ad5c04	3200000000	f	0	0	9223372036854775807
4	63	9223372036854775807	\\x00723575a89006648235d918c904a731f7b9f3500572626e16e254232aacaabe	3200000000	f	0	0	9223372036854775807
4	64	9223372036854775807	\\x00736276c4082079fcc8b996a242efc23197f43a272e434b6638a3be68d27092	3200000000	f	0	0	9223372036854775807
4	65	9223372036854775807	\\x0063abed7543bc3cdd7c719086ee7d5e4f3752faa57444cee979533426e6bddc	3200000000	f	0	0	9223372036854775807
4	66	9223372036854775807	\\x005f40a0ba05cba091bd7eb8f0ef64e8668ee5ecfa1e40f5f30ccdd999f7495f	3200000000	f	0	0	9223372036854775807
4	67	9223372036854775807	\\x008562c28cf962716e7b505fb81b7a3cd600d5eb6728e3ed34b67056fe3c1111	3200000000	f	0	0	9223372036854775807
4	68	9223372036854775807	\\x00d136c348d2cad789fe48568ab5a9d5ab270d6de59ea010cb82966291b16a98	3200000000	f	0	0	9223372036854775807
4	69	9223372036854775807	\\x0027535e09de4d03a223927219e62e452bcacda43d996da2965eb516f91e6dfb	3200000000	f	0	0	9223372036854775807
\.


--
-- Data for Name: validatorqueue_activation; Type: TABLE DATA; Schema: public; Owner: beaconchain
--

COPY public.validatorqueue_activation (index, publickey) FROM stdin;
\.


--
-- Data for Name: validatorqueue_exit; Type: TABLE DATA; Schema: public; Owner: beaconchain
--

COPY public.validatorqueue_exit (index, publickey) FROM stdin;
\.


--
-- Data for Name: validators; Type: TABLE DATA; Schema: public; Owner: beaconchain
--

COPY public.validators (validatorindex, pubkey) FROM stdin;
4	\\x911d096578f70e1064ca9d4f7bad698a10057d89afe9fc3613f6ee6fe65f5924ef31227187ff4b2a394a2699f9f7c5e9
5	\\xb835c46c68a31fbe006666a9e56b73532c2174502938f3434ce6cdeea4b750d453d4c5ca89af20d8f79dd9c8379c7128
6	\\xb77857e88629bae1d4307b6a0b7b259a93eb7222e96d237401383665223ae861eb1e6f2394b18f871352b836fe20ec61
7	\\xa98a3a1c3d557ba65986a32993efdf59b63f88faa513c9f460cb692585bd4ef30bed1b5d818b85f0a3d0dc8ca18f910b
8	\\xb8d8d78bde557359041b6768eda6b6dbe633db9f6a2c6b2fbf9205d9cf47e071cda36efa6323bfa801efe6e30e4d6a57
9	\\x8f3c8d9e9a698554943e8988d9ccb04270e2517c1814aef3a974fd81eeb307d1392edb14ae15fd59f088783fd75add86
10	\\xa829b30026908b9d621d043f6a73d435b2f3fb39d041ed777a47a7cae2ca69cd86f277a686805d522a5dbe6f98e81312
11	\\x952010c74924b0fb85494313a98b688814f4ba4411c67928871c6b266e3331654e6d6124bc2b82fb1696aed1d6944c39
12	\\x964a6eacf4d2193040b85e39f01b90bb4deae087e68d998e647712007d0fb2089143452fc4aa216d06730b7117f89207
13	\\xb92d51e7b5cc21ec023d1ea142e93a2ca53213d5d3aeb5be35af103bdc08f649d3ebbfac7b1bff9b113ac5ab70b6d883
14	\\xb83cfe4985e32bb1f11356ea596178264849e24b707ca37fe2aa30d800a03a8465f72d670786f1715ca73e296c79f741
15	\\x86cbe3afbea6b2fb44867ed03f54980fa4880e71c1501c38f7ecfb1a5c9213de5c4962a06046f54478768b106d23a1e6
16	\\x8015547c85e8030b1d64463d0ada832451886e1a0b866aa1f61d971cceba2a5c9c6829a7e075cf43e15276207c415c68
17	\\xb854d462f639c0c4d6653f53fb09864cd1baf1a71767bd75bc6d3e073999856a2f5d800390e8a8549953aafd415097ee
18	\\xaef49b7efb4bc230bedad0b6675843df183f7c3fe5e2fbcc76155107831bb73acac27c13a9ed41b988882699c435aa88
19	\\x84607955190d758c04bef2801035d5840c61c5b7ccde029c715b00f0d863e790c270d839e954d5f3268d930c2921d571
20	\\xa3455b69c83c40c63d06c703b9fda5a4dab814495db4cd0df30844a6cabbb55ba9e1b4d377f3544fcd9c87f226e37c09
21	\\x801ff6ea0f967832c8402ac2247d90c5f2c9803b070a1929c003cbbc61f5807b9ac5d03b646a2c327c3d176b67608d42
22	\\x8c0590daa99ffe0a88d3452752a6a0a426dbddca82d9768978ef4377c52f5f2f41127c2f4f10ac683c722e3d4db9ffb8
23	\\xae847a6145f4eb8b9d2dca8eeab454dc97c35e2772cdfcf64c6ad156f80cd75a7df9942daf6f3052c5022b6edc76bd5a
24	\\x9129a7d4307e3a79beeceff88b38ecf884780a7726b8b73a2dfc3be2270c25e91a4db2ba5c07f5a8dd85e9620bfcd318
25	\\x8860fa7416bebae37947a2961979d70ba71a61de889b41e2fd50ba3c4b8617be034a3dc3fc8a8bd715f4fe01d949c3cb
26	\\xaa8b64027c696d92f481b4e69ff717b87b75fb07b950c1f522a18f60db5eb2326151d5d6686a9b14c68d193c67acdd5e
0	\\x8ac7495e67eb3e6c717b71fc7b7d17249dbc4a2fca9a11b2ecfc8ad87ed2c758466c7ab68b6c5914e394e0f50f6419e6
1	\\x88c8a247db41c1049271ea5beb844d91be6d1866c26d800c0fdd8b82324517dcaec7686e20de6739f3169d9499ddaf72
2	\\x82c03ba3925e640abd8c97eb762b50a0213a211d77606887d07f5237ccf74eab34245e341a310a5950e56b5ef9c8d7be
3	\\xb94f10ce314435e0e9a94066cb69f7d4d1d5d2357e56b365d4b4bab43874f324068a6639fc6545b09827a8ceac48c7fd
27	\\xa816f4327528ef7270d52334ed240d79aa4724f1dc44755206d9535236ae9d72023601cf84aee8cf8d120de9e24f6abe
28	\\x98373f8c48efaab1523d4c54e059785fa9d4987788b0fdc6711a0146875ba5b921ee91f9c67fd628ea2a4fa3ac2b7cf5
29	\\x89955b52d6bd51a5a9ab2cd22f0f144c1c73367fcea093a2e89e1403ffb8a9d3e3ec39b2d5bedc542c1adbd3d350402b
30	\\xb860c00f8e71a6537aceac9a32813aa3815b4cb82ada920ecf3805754a5e1401cc03c1229f9d51ccec5f83b97d4146ed
31	\\xaa1b82cd501f5369978147ccd66ed5c45bc8a3b02320591b696f50185bb8de9a66989f777a82add1660b79fe350e3987
32	\\x8766f96b94132b73de07e5fab3cf63dfc7ca4df5e96ddf58ddb2beaa22320773f3042273bc3d071cf75686238d7ab747
33	\\xb4e89798278667d1f676f575aeef3a610478bfc8823543c90b1c3e2e0d2cb16cd56e5d483f0a966ffd541e66b1bc707a
34	\\x97dc2c9671021121cefe04b026c2f790728b1c3404d858c535fc85673ee22502244efce4e5997909bba81ae554ee730a
35	\\xa49ebfb898148e6a68cecca9bce8f8bf6b633e8c485df13fec6159fb69129f34e645c7ab4958bb131d84c296cdafe99b
36	\\xa457e59bbe240e99f699617b27f6b6610d92880f5b119b3a26759a4975bff58579c90ceeaddd167743741b7aef4ddb94
37	\\x93b66f795eceb79d796645ecdecb15d8fde058f9051dc1cb2d2f3a8b8961bd6d6e5ad10febef619667ba8b72eaa0b5e2
38	\\xaa0200f58293fb8696f9de9a781acd3957d757351dfce684ec1f5192991eba977b1c36259df37cd06cbde4b469b2498d
39	\\xb05350877029b8f2716beedc7bfdf0593361d298ea743a8afebdd5af7a029267555286872d51ceea857a98d356dc68ce
40	\\xa78f720ff7ddff8a257a11f57947e7c33dea2fbf5cbee49bb82ef037fd096342ed28393570f3d4a67ced08893f5b1d73
41	\\xb3a3eb6b6177f5e8004ed4f19f0cc36feb0c3aa590b522aeac56734f269c5144a2d8eee3159bdd921f2bc3ec72a4407a
42	\\xaf5606f4d351c709485167f9d905e0482188af10a97923245b93c44fe6e97f232b7aec96051b9adda1127e842b4db3b8
43	\\xa261003f0104f6119b433a1f83c1dbcc1b572e403650829d081d1585624181d77a6648ff0c444383ba49e40df666e5be
44	\\xa87e2ae4c0cdac5f271c8570db4575566b7a15f995a45c771fa21c870d8996b970cde22c47f24987d96902acbdd13f30
45	\\xaf34523ccaeed523254679b8ac58bfbde199c257ab6a042b90ea7a9f43c02bbd97635c31ba4bdbaf166109d340b1b85e
46	\\xa0c59d37d05eb26ef41214307ba392c0344ca024ad154a69e39021f9f3baaabfe7ecb40a52305e95d637945c3d0b5e79
47	\\xa5f46264f4c8fc7a891e4d047fd14a7741ebb60e3ee19fcf4b08d5eaff6c4d499407d6b315c2cc3d77388c60cba28dd2
48	\\xb0d0fd075c6bdb0d7ff628e576898f9f60c502b7bba4ce40b6074aa73aa70d307746afbccc08d703dbd574784071e461
49	\\x984464ee41f1b4f204cfdfea2eb68aff07dba436cfba3c8edf7681130e1cff2914095739ee8cd4eb1f2c4a5af0a44f4d
50	\\xb4ae85bf7fd3fc772b5a599c04d1ce2fe710f4ce1501ca6763f9c81589eccc46bdffd001ca44f9989a900888150b326c
51	\\x97eafa2c7688e4371071cfddebcf93694ca512aa468170f3da07086365ac363ec94486d069fb89cf212178d7c29ad880
52	\\x898a2c85430dbff8bb17952284535eda57a2efbf374bc42815f965259d222ea278e103de046723a38a1d16406edac513
53	\\xa56b5d8f10461da8b0d5ca7a980cf98aff2c5dfa364a9dd411074e7463d7ec1ffb77603443098352405b30a9eaf2960c
54	\\xa9205509034d4b24d364f6d529e8a6945a73fa3263ffd8cd680b2142b62dcff2a7712546ee37a09ba3b6f7b8e27034a0
55	\\xa99ebef8bab9d0e2e4fe4c1f678f69db81812f75b02f4e2987c735d43306abd6bfa5f26c6f994208240adf8665fa8cfe
56	\\x95af51fae016d344f1199de30a5eb3b638b82b10dc47aa783dd4998f005fc6e64debe8f2fc91f662fef59269e019c400
57	\\xa529c757dc42e08f5210b9a652450210fc54fa56a39b5c865e66f50eb27d1c10381067cea272002b652fe91471466520
58	\\x83c1a3c4cfff255f69e25a149739618526c45bf6d2fcc7023f4223d0d06ac26a052cf5c97d83380bc0dc48db5d560ef8
59	\\x818a31db01383958109376962de72bc1931082afed8520ae198a2ea8678de82bbf4e70a6e881a0a96d50f3d70b6c718f
60	\\xb35bc119769f26f56a43d4b1054cc9be95eb61560489269652927e70c9b964fe600053e3ffb8d50676b854a1144cc7e7
61	\\x98f790dd09497f546042ea0cef35398354a88e69dff9215e8002120ba8fb1a966d83f7d0b781f0cb29d73b6b440eeaf4
62	\\x90b7a9af2e9693dd93012bc5edc96e0e2bc63583661689836fa46bb4fe1d30b525788c753805fc2c9115387e46ac0910
63	\\x8280127e737e7e456b584d8c5421b840b1e5621a99e108c44728ede557ac01491cc4796fed1663c0f8f86b7de47cc77e
64	\\xaf701dcc3cd944004105722f662da1f1108e823ae42a8e231eaaf14153b01e202b0575cb41de12eb54f47cb90c646c96
65	\\xaab812f9c5b859f93ed09638f008650084d0d9f1f36e032108656cd3bb237594dac8d8a9fa67cc3fefdf93abde88cf3a
66	\\xb35ad2ed0df8cad146d65cc17f1a2665c6d08baeffd352b26ffac7624a68c71c278529b1426bb71da2461f2515569096
67	\\x826695999a068a3cbf0c0fa2f78fb2ce51b95b1dfab28b61cec6d854503daefec022200ed3580a8bca5c8b519dd68a2a
68	\\x99f58fd7f8c5f8ee26e44900dc8b56287332570760e3046ef2d28797480c1724d40fb0ae71c6aef2834836017f8d627a
69	\\x8785a17b2150c019ee7213e39d4561bb43054d511f80649ccd0583774f929f817e49d7f8116270234e55838cc54b8f4c
\.


--
-- Name: attestation_assignments attestation_assignments_pkey; Type: CONSTRAINT; Schema: public; Owner: beaconchain
--

ALTER TABLE ONLY public.attestation_assignments
    ADD CONSTRAINT attestation_assignments_pkey PRIMARY KEY (epoch, validatorindex, attesterslot, committeeindex);


--
-- Name: attestationpool attestationpool_pkey; Type: CONSTRAINT; Schema: public; Owner: beaconchain
--

ALTER TABLE ONLY public.attestationpool
    ADD CONSTRAINT attestationpool_pkey PRIMARY KEY (slot, index);


--
-- Name: beacon_committees beacon_committees_pkey; Type: CONSTRAINT; Schema: public; Owner: beaconchain
--

ALTER TABLE ONLY public.beacon_committees
    ADD CONSTRAINT beacon_committees_pkey PRIMARY KEY (epoch, slot, slotindex);


--
-- Name: blocks_attestations blocks_attestations_pkey; Type: CONSTRAINT; Schema: public; Owner: beaconchain
--

ALTER TABLE ONLY public.blocks_attestations
    ADD CONSTRAINT blocks_attestations_pkey PRIMARY KEY (block_slot, block_index);


--
-- Name: blocks_attesterslashings blocks_attesterslashings_pkey; Type: CONSTRAINT; Schema: public; Owner: beaconchain
--

ALTER TABLE ONLY public.blocks_attesterslashings
    ADD CONSTRAINT blocks_attesterslashings_pkey PRIMARY KEY (block_slot, block_index);


--
-- Name: blocks_deposits blocks_deposits_pkey; Type: CONSTRAINT; Schema: public; Owner: beaconchain
--

ALTER TABLE ONLY public.blocks_deposits
    ADD CONSTRAINT blocks_deposits_pkey PRIMARY KEY (block_slot, block_index);


--
-- Name: blocks blocks_pkey; Type: CONSTRAINT; Schema: public; Owner: beaconchain
--

ALTER TABLE ONLY public.blocks
    ADD CONSTRAINT blocks_pkey PRIMARY KEY (slot, blockroot);


--
-- Name: blocks_proposerslashings blocks_proposerslashings_pkey; Type: CONSTRAINT; Schema: public; Owner: beaconchain
--

ALTER TABLE ONLY public.blocks_proposerslashings
    ADD CONSTRAINT blocks_proposerslashings_pkey PRIMARY KEY (block_slot, block_index);


--
-- Name: blocks_voluntaryexits blocks_voluntaryexits_pkey; Type: CONSTRAINT; Schema: public; Owner: beaconchain
--

ALTER TABLE ONLY public.blocks_voluntaryexits
    ADD CONSTRAINT blocks_voluntaryexits_pkey PRIMARY KEY (block_slot, block_index);


--
-- Name: epochs epochs_pkey; Type: CONSTRAINT; Schema: public; Owner: beaconchain
--

ALTER TABLE ONLY public.epochs
    ADD CONSTRAINT epochs_pkey PRIMARY KEY (epoch);


--
-- Name: proposal_assignments proposal_assignments_pkey; Type: CONSTRAINT; Schema: public; Owner: beaconchain
--

ALTER TABLE ONLY public.proposal_assignments
    ADD CONSTRAINT proposal_assignments_pkey PRIMARY KEY (epoch, validatorindex, proposerslot);


--
-- Name: validator_balances validator_balances_pkey; Type: CONSTRAINT; Schema: public; Owner: beaconchain
--

ALTER TABLE ONLY public.validator_balances
    ADD CONSTRAINT validator_balances_pkey PRIMARY KEY (validatorindex, epoch);


--
-- Name: validator_set validator_set_pkey; Type: CONSTRAINT; Schema: public; Owner: beaconchain
--

ALTER TABLE ONLY public.validator_set
    ADD CONSTRAINT validator_set_pkey PRIMARY KEY (validatorindex, epoch);


--
-- Name: validatorqueue_activation validatorqueue_activation_pkey; Type: CONSTRAINT; Schema: public; Owner: beaconchain
--

ALTER TABLE ONLY public.validatorqueue_activation
    ADD CONSTRAINT validatorqueue_activation_pkey PRIMARY KEY (index, publickey);


--
-- Name: validatorqueue_exit validatorqueue_exit_pkey; Type: CONSTRAINT; Schema: public; Owner: beaconchain
--

ALTER TABLE ONLY public.validatorqueue_exit
    ADD CONSTRAINT validatorqueue_exit_pkey PRIMARY KEY (index, publickey);


--
-- Name: validators validators_pkey; Type: CONSTRAINT; Schema: public; Owner: beaconchain
--

ALTER TABLE ONLY public.validators
    ADD CONSTRAINT validators_pkey PRIMARY KEY (validatorindex);


--
-- Name: idx_blocks_attestations_beaconblockroot; Type: INDEX; Schema: public; Owner: beaconchain
--

CREATE INDEX idx_blocks_attestations_beaconblockroot ON public.blocks_attestations USING btree (beaconblockroot);


--
-- Name: idx_blocks_attestations_source_root; Type: INDEX; Schema: public; Owner: beaconchain
--

CREATE INDEX idx_blocks_attestations_source_root ON public.blocks_attestations USING btree (source_root);


--
-- Name: idx_blocks_attestations_target_root; Type: INDEX; Schema: public; Owner: beaconchain
--

CREATE INDEX idx_blocks_attestations_target_root ON public.blocks_attestations USING btree (target_root);


--
-- Name: idx_blocks_proposer; Type: INDEX; Schema: public; Owner: beaconchain
--

CREATE INDEX idx_blocks_proposer ON public.blocks USING btree (proposer);


--
-- Name: idx_validators_pubkey; Type: INDEX; Schema: public; Owner: beaconchain
--

CREATE INDEX idx_validators_pubkey ON public.validators USING btree (pubkey);


--
-- PostgreSQL database dump complete
--

